Date_Time (LST_LDT), Speed (knots)
2023-08-01 12:00 AM, -0.06
2023-08-01 12:06 AM, -0.08
2023-08-01 12:12 AM, -0.09
2023-08-01 12:18 AM, -0.10
2023-08-01 12:24 AM, -0.12
2023-08-01 12:30 AM, -0.14
2023-08-01 12:36 AM, -0.15
2023-08-01 12:42 AM, -0.17
2023-08-01 12:48 AM, -0.18
2023-08-01 12:54 AM, -0.20
2023-08-01 01:00 AM, -0.22
2023-08-01 01:06 AM, -0.23
2023-08-01 01:12 AM, -0.25
2023-08-01 01:18 AM, -0.27
2023-08-01 01:24 AM, -0.28
2023-08-01 01:30 AM, -0.29
2023-08-01 01:36 AM, -0.31
2023-08-01 01:42 AM, -0.32
2023-08-01 01:48 AM, -0.33
2023-08-01 01:54 AM, -0.33
2023-08-01 02:00 AM, -0.34
2023-08-01 02:06 AM, -0.34
2023-08-01 02:12 AM, -0.35
2023-08-01 02:18 AM, -0.35
2023-08-01 02:24 AM, -0.34
2023-08-01 02:30 AM, -0.34
2023-08-01 02:36 AM, -0.34
2023-08-01 02:42 AM, -0.33
2023-08-01 02:48 AM, -0.32
2023-08-01 02:54 AM, -0.31
2023-08-01 03:00 AM, -0.30
2023-08-01 03:06 AM, -0.29
2023-08-01 03:12 AM, -0.27
2023-08-01 03:18 AM, -0.26
2023-08-01 03:24 AM, -0.24
2023-08-01 03:30 AM, -0.23
2023-08-01 03:36 AM, -0.21
2023-08-01 03:42 AM, -0.20
2023-08-01 03:48 AM, -0.18
2023-08-01 03:54 AM, -0.17
2023-08-01 04:00 AM, -0.16
2023-08-01 04:06 AM, -0.14
2023-08-01 04:12 AM, -0.13
2023-08-01 04:18 AM, -0.12
2023-08-01 04:24 AM, -0.11
2023-08-01 04:30 AM, -0.10
2023-08-01 04:36 AM, -0.09
2023-08-01 04:42 AM, -0.09
2023-08-01 04:48 AM, -0.08
2023-08-01 04:54 AM, -0.07
2023-08-01 05:00 AM, -0.07
2023-08-01 05:06 AM, -0.06
2023-08-01 05:12 AM, -0.05
2023-08-01 05:18 AM, -0.05
2023-08-01 05:24 AM, -0.04
2023-08-01 05:30 AM, -0.03
2023-08-01 05:36 AM, -0.02
2023-08-01 05:42 AM, -0.01
2023-08-01 05:48 AM, 0.00
2023-08-01 05:54 AM, 0.01
2023-08-01 06:00 AM, 0.02
2023-08-01 06:06 AM, 0.04
2023-08-01 06:12 AM, 0.05
2023-08-01 06:18 AM, 0.07
2023-08-01 06:24 AM, 0.09
2023-08-01 06:30 AM, 0.11
2023-08-01 06:36 AM, 0.13
2023-08-01 06:42 AM, 0.15
2023-08-01 06:48 AM, 0.18
2023-08-01 06:54 AM, 0.20
2023-08-01 07:00 AM, 0.23
2023-08-01 07:06 AM, 0.25
2023-08-01 07:12 AM, 0.28
2023-08-01 07:18 AM, 0.30
2023-08-01 07:24 AM, 0.32
2023-08-01 07:30 AM, 0.35
2023-08-01 07:36 AM, 0.37
2023-08-01 07:42 AM, 0.39
2023-08-01 07:48 AM, 0.40
2023-08-01 07:54 AM, 0.42
2023-08-01 08:00 AM, 0.43
2023-08-01 08:06 AM, 0.44
2023-08-01 08:12 AM, 0.45
2023-08-01 08:18 AM, 0.45
2023-08-01 08:24 AM, 0.45
2023-08-01 08:30 AM, 0.45
2023-08-01 08:36 AM, 0.45
2023-08-01 08:42 AM, 0.44
2023-08-01 08:48 AM, 0.44
2023-08-01 08:54 AM, 0.43
2023-08-01 09:00 AM, 0.41
2023-08-01 09:06 AM, 0.40
2023-08-01 09:12 AM, 0.38
2023-08-01 09:18 AM, 0.37
2023-08-01 09:24 AM, 0.35
2023-08-01 09:30 AM, 0.33
2023-08-01 09:36 AM, 0.31
2023-08-01 09:42 AM, 0.29
2023-08-01 09:48 AM, 0.27
2023-08-01 09:54 AM, 0.25
2023-08-01 10:00 AM, 0.23
2023-08-01 10:06 AM, 0.21
2023-08-01 10:12 AM, 0.20
2023-08-01 10:18 AM, 0.18
2023-08-01 10:24 AM, 0.16
2023-08-01 10:30 AM, 0.15
2023-08-01 10:36 AM, 0.13
2023-08-01 10:42 AM, 0.12
2023-08-01 10:48 AM, 0.11
2023-08-01 10:54 AM, 0.10
2023-08-01 11:00 AM, 0.09
2023-08-01 11:06 AM, 0.08
2023-08-01 11:12 AM, 0.07
2023-08-01 11:18 AM, 0.06
2023-08-01 11:24 AM, 0.05
2023-08-01 11:30 AM, 0.04
2023-08-01 11:36 AM, 0.04
2023-08-01 11:42 AM, 0.03
2023-08-01 11:48 AM, 0.02
2023-08-01 11:54 AM, 0.01
2023-08-01 12:00 PM, 0.00
2023-08-01 12:06 PM, -0.01
2023-08-01 12:12 PM, -0.02
2023-08-01 12:18 PM, -0.03
2023-08-01 12:24 PM, -0.05
2023-08-01 12:30 PM, -0.06
2023-08-01 12:36 PM, -0.08
2023-08-01 12:42 PM, -0.09
2023-08-01 12:48 PM, -0.11
2023-08-01 12:54 PM, -0.13
2023-08-01 01:00 PM, -0.14
2023-08-01 01:06 PM, -0.16
2023-08-01 01:12 PM, -0.18
2023-08-01 01:18 PM, -0.20
2023-08-01 01:24 PM, -0.22
2023-08-01 01:30 PM, -0.24
2023-08-01 01:36 PM, -0.25
2023-08-01 01:42 PM, -0.27
2023-08-01 01:48 PM, -0.29
2023-08-01 01:54 PM, -0.30
2023-08-01 02:00 PM, -0.32
2023-08-01 02:06 PM, -0.33
2023-08-01 02:12 PM, -0.34
2023-08-01 02:18 PM, -0.35
2023-08-01 02:24 PM, -0.36
2023-08-01 02:30 PM, -0.36
2023-08-01 02:36 PM, -0.37
2023-08-01 02:42 PM, -0.37
2023-08-01 02:48 PM, -0.37
2023-08-01 02:54 PM, -0.36
2023-08-01 03:00 PM, -0.36
2023-08-01 03:06 PM, -0.35
2023-08-01 03:12 PM, -0.35
2023-08-01 03:18 PM, -0.34
2023-08-01 03:24 PM, -0.32
2023-08-01 03:30 PM, -0.31
2023-08-01 03:36 PM, -0.30
2023-08-01 03:42 PM, -0.28
2023-08-01 03:48 PM, -0.27
2023-08-01 03:54 PM, -0.25
2023-08-01 04:00 PM, -0.23
2023-08-01 04:06 PM, -0.22
2023-08-01 04:12 PM, -0.20
2023-08-01 04:18 PM, -0.19
2023-08-01 04:24 PM, -0.17
2023-08-01 04:30 PM, -0.16
2023-08-01 04:36 PM, -0.14
2023-08-01 04:42 PM, -0.13
2023-08-01 04:48 PM, -0.12
2023-08-01 04:54 PM, -0.10
2023-08-01 05:00 PM, -0.09
2023-08-01 05:06 PM, -0.08
2023-08-01 05:12 PM, -0.07
2023-08-01 05:18 PM, -0.06
2023-08-01 05:24 PM, -0.05
2023-08-01 05:30 PM, -0.04
2023-08-01 05:36 PM, -0.03
2023-08-01 05:42 PM, -0.02
2023-08-01 05:48 PM, -0.01
2023-08-01 05:54 PM, 0.00
2023-08-01 06:00 PM, 0.01
2023-08-01 06:06 PM, 0.03
2023-08-01 06:12 PM, 0.04
2023-08-01 06:18 PM, 0.05
2023-08-01 06:24 PM, 0.07
2023-08-01 06:30 PM, 0.09
2023-08-01 06:36 PM, 0.11
2023-08-01 06:42 PM, 0.13
2023-08-01 06:48 PM, 0.15
2023-08-01 06:54 PM, 0.17
2023-08-01 07:00 PM, 0.20
2023-08-01 07:06 PM, 0.22
2023-08-01 07:12 PM, 0.25
2023-08-01 07:18 PM, 0.27
2023-08-01 07:24 PM, 0.30
2023-08-01 07:30 PM, 0.33
2023-08-01 07:36 PM, 0.35
2023-08-01 07:42 PM, 0.38
2023-08-01 07:48 PM, 0.40
2023-08-01 07:54 PM, 0.42
2023-08-01 08:00 PM, 0.44
2023-08-01 08:06 PM, 0.46
2023-08-01 08:12 PM, 0.48
2023-08-01 08:18 PM, 0.49
2023-08-01 08:24 PM, 0.51
2023-08-01 08:30 PM, 0.51
2023-08-01 08:36 PM, 0.52
2023-08-01 08:42 PM, 0.52
2023-08-01 08:48 PM, 0.53
2023-08-01 08:54 PM, 0.52
2023-08-01 09:00 PM, 0.52
2023-08-01 09:06 PM, 0.51
2023-08-01 09:12 PM, 0.50
2023-08-01 09:18 PM, 0.49
2023-08-01 09:24 PM, 0.47
2023-08-01 09:30 PM, 0.46
2023-08-01 09:36 PM, 0.44
2023-08-01 09:42 PM, 0.42
2023-08-01 09:48 PM, 0.40
2023-08-01 09:54 PM, 0.38
2023-08-01 10:00 PM, 0.35
2023-08-01 10:06 PM, 0.33
2023-08-01 10:12 PM, 0.31
2023-08-01 10:18 PM, 0.29
2023-08-01 10:24 PM, 0.26
2023-08-01 10:30 PM, 0.24
2023-08-01 10:36 PM, 0.22
2023-08-01 10:42 PM, 0.20
2023-08-01 10:48 PM, 0.18
2023-08-01 10:54 PM, 0.17
2023-08-01 11:00 PM, 0.15
2023-08-01 11:06 PM, 0.13
2023-08-01 11:12 PM, 0.12
2023-08-01 11:18 PM, 0.11
2023-08-01 11:24 PM, 0.09
2023-08-01 11:30 PM, 0.08
2023-08-01 11:36 PM, 0.07
2023-08-01 11:42 PM, 0.06
2023-08-01 11:48 PM, 0.05
2023-08-01 11:54 PM, 0.04
2023-08-02 12:00 AM, 0.03
2023-08-02 12:06 AM, 0.02
2023-08-02 12:12 AM, 0.01
2023-08-02 12:18 AM, 0.00
2023-08-02 12:24 AM, -0.01
2023-08-02 12:30 AM, -0.02
2023-08-02 12:36 AM, -0.03
2023-08-02 12:42 AM, -0.04
2023-08-02 12:48 AM, -0.06
2023-08-02 12:54 AM, -0.07
2023-08-02 01:00 AM, -0.09
2023-08-02 01:06 AM, -0.10
2023-08-02 01:12 AM, -0.12
2023-08-02 01:18 AM, -0.13
2023-08-02 01:24 AM, -0.15
2023-08-02 01:30 AM, -0.17
2023-08-02 01:36 AM, -0.19
2023-08-02 01:42 AM, -0.20
2023-08-02 01:48 AM, -0.22
2023-08-02 01:54 AM, -0.24
2023-08-02 02:00 AM, -0.26
2023-08-02 02:06 AM, -0.27
2023-08-02 02:12 AM, -0.29
2023-08-02 02:18 AM, -0.30
2023-08-02 02:24 AM, -0.31
2023-08-02 02:30 AM, -0.33
2023-08-02 02:36 AM, -0.34
2023-08-02 02:42 AM, -0.34
2023-08-02 02:48 AM, -0.35
2023-08-02 02:54 AM, -0.36
2023-08-02 03:00 AM, -0.36
2023-08-02 03:06 AM, -0.36
2023-08-02 03:12 AM, -0.36
2023-08-02 03:18 AM, -0.36
2023-08-02 03:24 AM, -0.35
2023-08-02 03:30 AM, -0.35
2023-08-02 03:36 AM, -0.34
2023-08-02 03:42 AM, -0.33
2023-08-02 03:48 AM, -0.32
2023-08-02 03:54 AM, -0.31
2023-08-02 04:00 AM, -0.30
2023-08-02 04:06 AM, -0.28
2023-08-02 04:12 AM, -0.27
2023-08-02 04:18 AM, -0.26
2023-08-02 04:24 AM, -0.24
2023-08-02 04:30 AM, -0.23
2023-08-02 04:36 AM, -0.21
2023-08-02 04:42 AM, -0.20
2023-08-02 04:48 AM, -0.19
2023-08-02 04:54 AM, -0.17
2023-08-02 05:00 AM, -0.16
2023-08-02 05:06 AM, -0.15
2023-08-02 05:12 AM, -0.14
2023-08-02 05:18 AM, -0.13
2023-08-02 05:24 AM, -0.12
2023-08-02 05:30 AM, -0.11
2023-08-02 05:36 AM, -0.10
2023-08-02 05:42 AM, -0.09
2023-08-02 05:48 AM, -0.09
2023-08-02 05:54 AM, -0.08
2023-08-02 06:00 AM, -0.07
2023-08-02 06:06 AM, -0.06
2023-08-02 06:12 AM, -0.06
2023-08-02 06:18 AM, -0.05
2023-08-02 06:24 AM, -0.04
2023-08-02 06:30 AM, -0.03
2023-08-02 06:36 AM, -0.01
2023-08-02 06:42 AM, 0.00
2023-08-02 06:48 AM, 0.01
2023-08-02 06:54 AM, 0.03
2023-08-02 07:00 AM, 0.05
2023-08-02 07:06 AM, 0.07
2023-08-02 07:12 AM, 0.09
2023-08-02 07:18 AM, 0.11
2023-08-02 07:24 AM, 0.13
2023-08-02 07:30 AM, 0.15
2023-08-02 07:36 AM, 0.18
2023-08-02 07:42 AM, 0.20
2023-08-02 07:48 AM, 0.23
2023-08-02 07:54 AM, 0.26
2023-08-02 08:00 AM, 0.28
2023-08-02 08:06 AM, 0.31
2023-08-02 08:12 AM, 0.33
2023-08-02 08:18 AM, 0.35
2023-08-02 08:24 AM, 0.37
2023-08-02 08:30 AM, 0.39
2023-08-02 08:36 AM, 0.41
2023-08-02 08:42 AM, 0.43
2023-08-02 08:48 AM, 0.44
2023-08-02 08:54 AM, 0.45
2023-08-02 09:00 AM, 0.46
2023-08-02 09:06 AM, 0.47
2023-08-02 09:12 AM, 0.47
2023-08-02 09:18 AM, 0.47
2023-08-02 09:24 AM, 0.47
2023-08-02 09:30 AM, 0.46
2023-08-02 09:36 AM, 0.46
2023-08-02 09:42 AM, 0.45
2023-08-02 09:48 AM, 0.43
2023-08-02 09:54 AM, 0.42
2023-08-02 10:00 AM, 0.41
2023-08-02 10:06 AM, 0.39
2023-08-02 10:12 AM, 0.37
2023-08-02 10:18 AM, 0.35
2023-08-02 10:24 AM, 0.33
2023-08-02 10:30 AM, 0.31
2023-08-02 10:36 AM, 0.29
2023-08-02 10:42 AM, 0.27
2023-08-02 10:48 AM, 0.25
2023-08-02 10:54 AM, 0.24
2023-08-02 11:00 AM, 0.22
2023-08-02 11:06 AM, 0.20
2023-08-02 11:12 AM, 0.18
2023-08-02 11:18 AM, 0.17
2023-08-02 11:24 AM, 0.15
2023-08-02 11:30 AM, 0.14
2023-08-02 11:36 AM, 0.13
2023-08-02 11:42 AM, 0.11
2023-08-02 11:48 AM, 0.10
2023-08-02 11:54 AM, 0.09
2023-08-02 12:00 PM, 0.08
2023-08-02 12:06 PM, 0.07
2023-08-02 12:12 PM, 0.06
2023-08-02 12:18 PM, 0.05
2023-08-02 12:24 PM, 0.04
2023-08-02 12:30 PM, 0.03
2023-08-02 12:36 PM, 0.02
2023-08-02 12:42 PM, 0.01
2023-08-02 12:48 PM, 0.00
2023-08-02 12:54 PM, -0.01
2023-08-02 01:00 PM, -0.02
2023-08-02 01:06 PM, -0.04
2023-08-02 01:12 PM, -0.05
2023-08-02 01:18 PM, -0.07
2023-08-02 01:24 PM, -0.08
2023-08-02 01:30 PM, -0.10
2023-08-02 01:36 PM, -0.12
2023-08-02 01:42 PM, -0.13
2023-08-02 01:48 PM, -0.15
2023-08-02 01:54 PM, -0.17
2023-08-02 02:00 PM, -0.19
2023-08-02 02:06 PM, -0.21
2023-08-02 02:12 PM, -0.23
2023-08-02 02:18 PM, -0.24
2023-08-02 02:24 PM, -0.26
2023-08-02 02:30 PM, -0.28
2023-08-02 02:36 PM, -0.30
2023-08-02 02:42 PM, -0.31
2023-08-02 02:48 PM, -0.33
2023-08-02 02:54 PM, -0.34
2023-08-02 03:00 PM, -0.35
2023-08-02 03:06 PM, -0.36
2023-08-02 03:12 PM, -0.37
2023-08-02 03:18 PM, -0.38
2023-08-02 03:24 PM, -0.38
2023-08-02 03:30 PM, -0.38
2023-08-02 03:36 PM, -0.38
2023-08-02 03:42 PM, -0.38
2023-08-02 03:48 PM, -0.38
2023-08-02 03:54 PM, -0.37
2023-08-02 04:00 PM, -0.37
2023-08-02 04:06 PM, -0.36
2023-08-02 04:12 PM, -0.35
2023-08-02 04:18 PM, -0.33
2023-08-02 04:24 PM, -0.32
2023-08-02 04:30 PM, -0.31
2023-08-02 04:36 PM, -0.29
2023-08-02 04:42 PM, -0.28
2023-08-02 04:48 PM, -0.26
2023-08-02 04:54 PM, -0.25
2023-08-02 05:00 PM, -0.23
2023-08-02 05:06 PM, -0.21
2023-08-02 05:12 PM, -0.20
2023-08-02 05:18 PM, -0.18
2023-08-02 05:24 PM, -0.17
2023-08-02 05:30 PM, -0.15
2023-08-02 05:36 PM, -0.14
2023-08-02 05:42 PM, -0.13
2023-08-02 05:48 PM, -0.11
2023-08-02 05:54 PM, -0.10
2023-08-02 06:00 PM, -0.09
2023-08-02 06:06 PM, -0.08
2023-08-02 06:12 PM, -0.07
2023-08-02 06:18 PM, -0.06
2023-08-02 06:24 PM, -0.04
2023-08-02 06:30 PM, -0.03
2023-08-02 06:36 PM, -0.02
2023-08-02 06:42 PM, -0.01
2023-08-02 06:48 PM, 0.00
2023-08-02 06:54 PM, 0.02
2023-08-02 07:00 PM, 0.03
2023-08-02 07:06 PM, 0.05
2023-08-02 07:12 PM, 0.07
2023-08-02 07:18 PM, 0.09
2023-08-02 07:24 PM, 0.11
2023-08-02 07:30 PM, 0.13
2023-08-02 07:36 PM, 0.15
2023-08-02 07:42 PM, 0.17
2023-08-02 07:48 PM, 0.20
2023-08-02 07:54 PM, 0.22
2023-08-02 08:00 PM, 0.25
2023-08-02 08:06 PM, 0.27
2023-08-02 08:12 PM, 0.30
2023-08-02 08:18 PM, 0.33
2023-08-02 08:24 PM, 0.35
2023-08-02 08:30 PM, 0.38
2023-08-02 08:36 PM, 0.40
2023-08-02 08:42 PM, 0.42
2023-08-02 08:48 PM, 0.45
2023-08-02 08:54 PM, 0.47
2023-08-02 09:00 PM, 0.48
2023-08-02 09:06 PM, 0.50
2023-08-02 09:12 PM, 0.51
2023-08-02 09:18 PM, 0.52
2023-08-02 09:24 PM, 0.53
2023-08-02 09:30 PM, 0.53
2023-08-02 09:36 PM, 0.54
2023-08-02 09:42 PM, 0.53
2023-08-02 09:48 PM, 0.53
2023-08-02 09:54 PM, 0.52
2023-08-02 10:00 PM, 0.52
2023-08-02 10:06 PM, 0.50
2023-08-02 10:12 PM, 0.49
2023-08-02 10:18 PM, 0.48
2023-08-02 10:24 PM, 0.46
2023-08-02 10:30 PM, 0.44
2023-08-02 10:36 PM, 0.42
2023-08-02 10:42 PM, 0.40
2023-08-02 10:48 PM, 0.38
2023-08-02 10:54 PM, 0.35
2023-08-02 11:00 PM, 0.33
2023-08-02 11:06 PM, 0.31
2023-08-02 11:12 PM, 0.29
2023-08-02 11:18 PM, 0.27
2023-08-02 11:24 PM, 0.25
2023-08-02 11:30 PM, 0.23
2023-08-02 11:36 PM, 0.21
2023-08-02 11:42 PM, 0.19
2023-08-02 11:48 PM, 0.17
2023-08-02 11:54 PM, 0.15
2023-08-03 12:00 AM, 0.14
2023-08-03 12:06 AM, 0.12
2023-08-03 12:12 AM, 0.11
2023-08-03 12:18 AM, 0.10
2023-08-03 12:24 AM, 0.09
2023-08-03 12:30 AM, 0.07
2023-08-03 12:36 AM, 0.06
2023-08-03 12:42 AM, 0.05
2023-08-03 12:48 AM, 0.04
2023-08-03 12:54 AM, 0.03
2023-08-03 01:00 AM, 0.02
2023-08-03 01:06 AM, 0.01
2023-08-03 01:12 AM, 0.00
2023-08-03 01:18 AM, -0.01
2023-08-03 01:24 AM, -0.03
2023-08-03 01:30 AM, -0.04
2023-08-03 01:36 AM, -0.05
2023-08-03 01:42 AM, -0.07
2023-08-03 01:48 AM, -0.08
2023-08-03 01:54 AM, -0.09
2023-08-03 02:00 AM, -0.11
2023-08-03 02:06 AM, -0.13
2023-08-03 02:12 AM, -0.14
2023-08-03 02:18 AM, -0.16
2023-08-03 02:24 AM, -0.18
2023-08-03 02:30 AM, -0.20
2023-08-03 02:36 AM, -0.21
2023-08-03 02:42 AM, -0.23
2023-08-03 02:48 AM, -0.25
2023-08-03 02:54 AM, -0.26
2023-08-03 03:00 AM, -0.28
2023-08-03 03:06 AM, -0.29
2023-08-03 03:12 AM, -0.31
2023-08-03 03:18 AM, -0.32
2023-08-03 03:24 AM, -0.33
2023-08-03 03:30 AM, -0.34
2023-08-03 03:36 AM, -0.35
2023-08-03 03:42 AM, -0.36
2023-08-03 03:48 AM, -0.36
2023-08-03 03:54 AM, -0.36
2023-08-03 04:00 AM, -0.37
2023-08-03 04:06 AM, -0.36
2023-08-03 04:12 AM, -0.36
2023-08-03 04:18 AM, -0.36
2023-08-03 04:24 AM, -0.35
2023-08-03 04:30 AM, -0.34
2023-08-03 04:36 AM, -0.34
2023-08-03 04:42 AM, -0.33
2023-08-03 04:48 AM, -0.31
2023-08-03 04:54 AM, -0.30
2023-08-03 05:00 AM, -0.29
2023-08-03 05:06 AM, -0.28
2023-08-03 05:12 AM, -0.26
2023-08-03 05:18 AM, -0.25
2023-08-03 05:24 AM, -0.23
2023-08-03 05:30 AM, -0.22
2023-08-03 05:36 AM, -0.21
2023-08-03 05:42 AM, -0.19
2023-08-03 05:48 AM, -0.18
2023-08-03 05:54 AM, -0.17
2023-08-03 06:00 AM, -0.15
2023-08-03 06:06 AM, -0.14
2023-08-03 06:12 AM, -0.13
2023-08-03 06:18 AM, -0.12
2023-08-03 06:24 AM, -0.11
2023-08-03 06:30 AM, -0.10
2023-08-03 06:36 AM, -0.10
2023-08-03 06:42 AM, -0.09
2023-08-03 06:48 AM, -0.08
2023-08-03 06:54 AM, -0.07
2023-08-03 07:00 AM, -0.06
2023-08-03 07:06 AM, -0.05
2023-08-03 07:12 AM, -0.04
2023-08-03 07:18 AM, -0.03
2023-08-03 07:24 AM, -0.02
2023-08-03 07:30 AM, 0.00
2023-08-03 07:36 AM, 0.01
2023-08-03 07:42 AM, 0.03
2023-08-03 07:48 AM, 0.04
2023-08-03 07:54 AM, 0.06
2023-08-03 08:00 AM, 0.08
2023-08-03 08:06 AM, 0.10
2023-08-03 08:12 AM, 0.13
2023-08-03 08:18 AM, 0.15
2023-08-03 08:24 AM, 0.17
2023-08-03 08:30 AM, 0.20
2023-08-03 08:36 AM, 0.22
2023-08-03 08:42 AM, 0.25
2023-08-03 08:48 AM, 0.28
2023-08-03 08:54 AM, 0.30
2023-08-03 09:00 AM, 0.32
2023-08-03 09:06 AM, 0.35
2023-08-03 09:12 AM, 0.37
2023-08-03 09:18 AM, 0.39
2023-08-03 09:24 AM, 0.41
2023-08-03 09:30 AM, 0.43
2023-08-03 09:36 AM, 0.44
2023-08-03 09:42 AM, 0.45
2023-08-03 09:48 AM, 0.46
2023-08-03 09:54 AM, 0.47
2023-08-03 10:00 AM, 0.47
2023-08-03 10:06 AM, 0.47
2023-08-03 10:12 AM, 0.47
2023-08-03 10:18 AM, 0.47
2023-08-03 10:24 AM, 0.46
2023-08-03 10:30 AM, 0.46
2023-08-03 10:36 AM, 0.45
2023-08-03 10:42 AM, 0.43
2023-08-03 10:48 AM, 0.42
2023-08-03 10:54 AM, 0.40
2023-08-03 11:00 AM, 0.39
2023-08-03 11:06 AM, 0.37
2023-08-03 11:12 AM, 0.35
2023-08-03 11:18 AM, 0.33
2023-08-03 11:24 AM, 0.31
2023-08-03 11:30 AM, 0.29
2023-08-03 11:36 AM, 0.27
2023-08-03 11:42 AM, 0.25
2023-08-03 11:48 AM, 0.23
2023-08-03 11:54 AM, 0.22
2023-08-03 12:00 PM, 0.20
2023-08-03 12:06 PM, 0.18
2023-08-03 12:12 PM, 0.17
2023-08-03 12:18 PM, 0.15
2023-08-03 12:24 PM, 0.14
2023-08-03 12:30 PM, 0.12
2023-08-03 12:36 PM, 0.11
2023-08-03 12:42 PM, 0.10
2023-08-03 12:48 PM, 0.09
2023-08-03 12:54 PM, 0.08
2023-08-03 01:00 PM, 0.07
2023-08-03 01:06 PM, 0.06
2023-08-03 01:12 PM, 0.05
2023-08-03 01:18 PM, 0.04
2023-08-03 01:24 PM, 0.03
2023-08-03 01:30 PM, 0.02
2023-08-03 01:36 PM, 0.01
2023-08-03 01:42 PM, 0.00
2023-08-03 01:48 PM, -0.02
2023-08-03 01:54 PM, -0.03
2023-08-03 02:00 PM, -0.04
2023-08-03 02:06 PM, -0.06
2023-08-03 02:12 PM, -0.07
2023-08-03 02:18 PM, -0.09
2023-08-03 02:24 PM, -0.10
2023-08-03 02:30 PM, -0.12
2023-08-03 02:36 PM, -0.14
2023-08-03 02:42 PM, -0.16
2023-08-03 02:48 PM, -0.17
2023-08-03 02:54 PM, -0.19
2023-08-03 03:00 PM, -0.21
2023-08-03 03:06 PM, -0.23
2023-08-03 03:12 PM, -0.25
2023-08-03 03:18 PM, -0.27
2023-08-03 03:24 PM, -0.28
2023-08-03 03:30 PM, -0.30
2023-08-03 03:36 PM, -0.32
2023-08-03 03:42 PM, -0.33
2023-08-03 03:48 PM, -0.34
2023-08-03 03:54 PM, -0.35
2023-08-03 04:00 PM, -0.36
2023-08-03 04:06 PM, -0.37
2023-08-03 04:12 PM, -0.38
2023-08-03 04:18 PM, -0.38
2023-08-03 04:24 PM, -0.39
2023-08-03 04:30 PM, -0.39
2023-08-03 04:36 PM, -0.38
2023-08-03 04:42 PM, -0.38
2023-08-03 04:48 PM, -0.37
2023-08-03 04:54 PM, -0.37
2023-08-03 05:00 PM, -0.36
2023-08-03 05:06 PM, -0.35
2023-08-03 05:12 PM, -0.34
2023-08-03 05:18 PM, -0.32
2023-08-03 05:24 PM, -0.31
2023-08-03 05:30 PM, -0.29
2023-08-03 05:36 PM, -0.28
2023-08-03 05:42 PM, -0.26
2023-08-03 05:48 PM, -0.25
2023-08-03 05:54 PM, -0.23
2023-08-03 06:00 PM, -0.22
2023-08-03 06:06 PM, -0.20
2023-08-03 06:12 PM, -0.18
2023-08-03 06:18 PM, -0.17
2023-08-03 06:24 PM, -0.15
2023-08-03 06:30 PM, -0.14
2023-08-03 06:36 PM, -0.13
2023-08-03 06:42 PM, -0.11
2023-08-03 06:48 PM, -0.10
2023-08-03 06:54 PM, -0.09
2023-08-03 07:00 PM, -0.08
2023-08-03 07:06 PM, -0.07
2023-08-03 07:12 PM, -0.05
2023-08-03 07:18 PM, -0.04
2023-08-03 07:24 PM, -0.03
2023-08-03 07:30 PM, -0.02
2023-08-03 07:36 PM, -0.01
2023-08-03 07:42 PM, 0.01
2023-08-03 07:48 PM, 0.02
2023-08-03 07:54 PM, 0.04
2023-08-03 08:00 PM, 0.05
2023-08-03 08:06 PM, 0.07
2023-08-03 08:12 PM, 0.09
2023-08-03 08:18 PM, 0.11
2023-08-03 08:24 PM, 0.13
2023-08-03 08:30 PM, 0.15
2023-08-03 08:36 PM, 0.18
2023-08-03 08:42 PM, 0.20
2023-08-03 08:48 PM, 0.23
2023-08-03 08:54 PM, 0.25
2023-08-03 09:00 PM, 0.28
2023-08-03 09:06 PM, 0.30
2023-08-03 09:12 PM, 0.33
2023-08-03 09:18 PM, 0.35
2023-08-03 09:24 PM, 0.38
2023-08-03 09:30 PM, 0.40
2023-08-03 09:36 PM, 0.42
2023-08-03 09:42 PM, 0.44
2023-08-03 09:48 PM, 0.46
2023-08-03 09:54 PM, 0.48
2023-08-03 10:00 PM, 0.49
2023-08-03 10:06 PM, 0.50
2023-08-03 10:12 PM, 0.51
2023-08-03 10:18 PM, 0.52
2023-08-03 10:24 PM, 0.52
2023-08-03 10:30 PM, 0.52
2023-08-03 10:36 PM, 0.52
2023-08-03 10:42 PM, 0.52
2023-08-03 10:48 PM, 0.51
2023-08-03 10:54 PM, 0.50
2023-08-03 11:00 PM, 0.49
2023-08-03 11:06 PM, 0.47
2023-08-03 11:12 PM, 0.46
2023-08-03 11:18 PM, 0.44
2023-08-03 11:24 PM, 0.42
2023-08-03 11:30 PM, 0.40
2023-08-03 11:36 PM, 0.38
2023-08-03 11:42 PM, 0.36
2023-08-03 11:48 PM, 0.34
2023-08-03 11:54 PM, 0.32
2023-08-04 12:00 AM, 0.30
2023-08-04 12:06 AM, 0.27
2023-08-04 12:12 AM, 0.25
2023-08-04 12:18 AM, 0.23
2023-08-04 12:24 AM, 0.21
2023-08-04 12:30 AM, 0.19
2023-08-04 12:36 AM, 0.18
2023-08-04 12:42 AM, 0.16
2023-08-04 12:48 AM, 0.14
2023-08-04 12:54 AM, 0.13
2023-08-04 01:00 AM, 0.12
2023-08-04 01:06 AM, 0.10
2023-08-04 01:12 AM, 0.09
2023-08-04 01:18 AM, 0.08
2023-08-04 01:24 AM, 0.07
2023-08-04 01:30 AM, 0.06
2023-08-04 01:36 AM, 0.05
2023-08-04 01:42 AM, 0.04
2023-08-04 01:48 AM, 0.03
2023-08-04 01:54 AM, 0.02
2023-08-04 02:00 AM, 0.01
2023-08-04 02:06 AM, 0.00
2023-08-04 02:12 AM, -0.01
2023-08-04 02:18 AM, -0.02
2023-08-04 02:24 AM, -0.04
2023-08-04 02:30 AM, -0.05
2023-08-04 02:36 AM, -0.06
2023-08-04 02:42 AM, -0.08
2023-08-04 02:48 AM, -0.09
2023-08-04 02:54 AM, -0.11
2023-08-04 03:00 AM, -0.12
2023-08-04 03:06 AM, -0.14
2023-08-04 03:12 AM, -0.16
2023-08-04 03:18 AM, -0.18
2023-08-04 03:24 AM, -0.19
2023-08-04 03:30 AM, -0.21
2023-08-04 03:36 AM, -0.23
2023-08-04 03:42 AM, -0.25
2023-08-04 03:48 AM, -0.26
2023-08-04 03:54 AM, -0.28
2023-08-04 04:00 AM, -0.29
2023-08-04 04:06 AM, -0.31
2023-08-04 04:12 AM, -0.32
2023-08-04 04:18 AM, -0.33
2023-08-04 04:24 AM, -0.34
2023-08-04 04:30 AM, -0.35
2023-08-04 04:36 AM, -0.36
2023-08-04 04:42 AM, -0.36
2023-08-04 04:48 AM, -0.36
2023-08-04 04:54 AM, -0.36
2023-08-04 05:00 AM, -0.36
2023-08-04 05:06 AM, -0.36
2023-08-04 05:12 AM, -0.36
2023-08-04 05:18 AM, -0.35
2023-08-04 05:24 AM, -0.34
2023-08-04 05:30 AM, -0.33
2023-08-04 05:36 AM, -0.32
2023-08-04 05:42 AM, -0.31
2023-08-04 05:48 AM, -0.30
2023-08-04 05:54 AM, -0.28
2023-08-04 06:00 AM, -0.27
2023-08-04 06:06 AM, -0.26
2023-08-04 06:12 AM, -0.24
2023-08-04 06:18 AM, -0.23
2023-08-04 06:24 AM, -0.21
2023-08-04 06:30 AM, -0.20
2023-08-04 06:36 AM, -0.18
2023-08-04 06:42 AM, -0.17
2023-08-04 06:48 AM, -0.16
2023-08-04 06:54 AM, -0.15
2023-08-04 07:00 AM, -0.13
2023-08-04 07:06 AM, -0.12
2023-08-04 07:12 AM, -0.11
2023-08-04 07:18 AM, -0.10
2023-08-04 07:24 AM, -0.10
2023-08-04 07:30 AM, -0.09
2023-08-04 07:36 AM, -0.08
2023-08-04 07:42 AM, -0.07
2023-08-04 07:48 AM, -0.06
2023-08-04 07:54 AM, -0.05
2023-08-04 08:00 AM, -0.04
2023-08-04 08:06 AM, -0.03
2023-08-04 08:12 AM, -0.02
2023-08-04 08:18 AM, -0.01
2023-08-04 08:24 AM, 0.00
2023-08-04 08:30 AM, 0.02
2023-08-04 08:36 AM, 0.04
2023-08-04 08:42 AM, 0.05
2023-08-04 08:48 AM, 0.07
2023-08-04 08:54 AM, 0.09
2023-08-04 09:00 AM, 0.11
2023-08-04 09:06 AM, 0.13
2023-08-04 09:12 AM, 0.16
2023-08-04 09:18 AM, 0.18
2023-08-04 09:24 AM, 0.21
2023-08-04 09:30 AM, 0.23
2023-08-04 09:36 AM, 0.26
2023-08-04 09:42 AM, 0.28
2023-08-04 09:48 AM, 0.31
2023-08-04 09:54 AM, 0.33
2023-08-04 10:00 AM, 0.35
2023-08-04 10:06 AM, 0.37
2023-08-04 10:12 AM, 0.39
2023-08-04 10:18 AM, 0.41
2023-08-04 10:24 AM, 0.43
2023-08-04 10:30 AM, 0.44
2023-08-04 10:36 AM, 0.45
2023-08-04 10:42 AM, 0.46
2023-08-04 10:48 AM, 0.47
2023-08-04 10:54 AM, 0.47
2023-08-04 11:00 AM, 0.47
2023-08-04 11:06 AM, 0.47
2023-08-04 11:12 AM, 0.46
2023-08-04 11:18 AM, 0.46
2023-08-04 11:24 AM, 0.45
2023-08-04 11:30 AM, 0.44
2023-08-04 11:36 AM, 0.43
2023-08-04 11:42 AM, 0.41
2023-08-04 11:48 AM, 0.40
2023-08-04 11:54 AM, 0.38
2023-08-04 12:00 PM, 0.36
2023-08-04 12:06 PM, 0.34
2023-08-04 12:12 PM, 0.32
2023-08-04 12:18 PM, 0.30
2023-08-04 12:24 PM, 0.28
2023-08-04 12:30 PM, 0.27
2023-08-04 12:36 PM, 0.25
2023-08-04 12:42 PM, 0.23
2023-08-04 12:48 PM, 0.21
2023-08-04 12:54 PM, 0.20
2023-08-04 01:00 PM, 0.18
2023-08-04 01:06 PM, 0.17
2023-08-04 01:12 PM, 0.15
2023-08-04 01:18 PM, 0.14
2023-08-04 01:24 PM, 0.13
2023-08-04 01:30 PM, 0.12
2023-08-04 01:36 PM, 0.11
2023-08-04 01:42 PM, 0.10
2023-08-04 01:48 PM, 0.09
2023-08-04 01:54 PM, 0.08
2023-08-04 02:00 PM, 0.07
2023-08-04 02:06 PM, 0.06
2023-08-04 02:12 PM, 0.05
2023-08-04 02:18 PM, 0.04
2023-08-04 02:24 PM, 0.03
2023-08-04 02:30 PM, 0.02
2023-08-04 02:36 PM, 0.01
2023-08-04 02:42 PM, 0.00
2023-08-04 02:48 PM, -0.01
2023-08-04 02:54 PM, -0.03
2023-08-04 03:00 PM, -0.04
2023-08-04 03:06 PM, -0.05
2023-08-04 03:12 PM, -0.07
2023-08-04 03:18 PM, -0.09
2023-08-04 03:24 PM, -0.10
2023-08-04 03:30 PM, -0.12
2023-08-04 03:36 PM, -0.14
2023-08-04 03:42 PM, -0.16
2023-08-04 03:48 PM, -0.18
2023-08-04 03:54 PM, -0.20
2023-08-04 04:00 PM, -0.22
2023-08-04 04:06 PM, -0.24
2023-08-04 04:12 PM, -0.26
2023-08-04 04:18 PM, -0.27
2023-08-04 04:24 PM, -0.29
2023-08-04 04:30 PM, -0.31
2023-08-04 04:36 PM, -0.32
2023-08-04 04:42 PM, -0.34
2023-08-04 04:48 PM, -0.35
2023-08-04 04:54 PM, -0.36
2023-08-04 05:00 PM, -0.37
2023-08-04 05:06 PM, -0.37
2023-08-04 05:12 PM, -0.38
2023-08-04 05:18 PM, -0.38
2023-08-04 05:24 PM, -0.38
2023-08-04 05:30 PM, -0.38
2023-08-04 05:36 PM, -0.37
2023-08-04 05:42 PM, -0.37
2023-08-04 05:48 PM, -0.36
2023-08-04 05:54 PM, -0.35
2023-08-04 06:00 PM, -0.34
2023-08-04 06:06 PM, -0.33
2023-08-04 06:12 PM, -0.31
2023-08-04 06:18 PM, -0.30
2023-08-04 06:24 PM, -0.28
2023-08-04 06:30 PM, -0.27
2023-08-04 06:36 PM, -0.25
2023-08-04 06:42 PM, -0.24
2023-08-04 06:48 PM, -0.22
2023-08-04 06:54 PM, -0.21
2023-08-04 07:00 PM, -0.19
2023-08-04 07:06 PM, -0.18
2023-08-04 07:12 PM, -0.16
2023-08-04 07:18 PM, -0.15
2023-08-04 07:24 PM, -0.13
2023-08-04 07:30 PM, -0.12
2023-08-04 07:36 PM, -0.11
2023-08-04 07:42 PM, -0.10
2023-08-04 07:48 PM, -0.09
2023-08-04 07:54 PM, -0.08
2023-08-04 08:00 PM, -0.07
2023-08-04 08:06 PM, -0.06
2023-08-04 08:12 PM, -0.05
2023-08-04 08:18 PM, -0.04
2023-08-04 08:24 PM, -0.03
2023-08-04 08:30 PM, -0.01
2023-08-04 08:36 PM, 0.00
2023-08-04 08:42 PM, 0.01
2023-08-04 08:48 PM, 0.02
2023-08-04 08:54 PM, 0.04
2023-08-04 09:00 PM, 0.06
2023-08-04 09:06 PM, 0.07
2023-08-04 09:12 PM, 0.09
2023-08-04 09:18 PM, 0.11
2023-08-04 09:24 PM, 0.14
2023-08-04 09:30 PM, 0.16
2023-08-04 09:36 PM, 0.18
2023-08-04 09:42 PM, 0.21
2023-08-04 09:48 PM, 0.23
2023-08-04 09:54 PM, 0.26
2023-08-04 10:00 PM, 0.28
2023-08-04 10:06 PM, 0.31
2023-08-04 10:12 PM, 0.33
2023-08-04 10:18 PM, 0.35
2023-08-04 10:24 PM, 0.38
2023-08-04 10:30 PM, 0.40
2023-08-04 10:36 PM, 0.42
2023-08-04 10:42 PM, 0.43
2023-08-04 10:48 PM, 0.45
2023-08-04 10:54 PM, 0.46
2023-08-04 11:00 PM, 0.47
2023-08-04 11:06 PM, 0.48
2023-08-04 11:12 PM, 0.49
2023-08-04 11:18 PM, 0.49
2023-08-04 11:24 PM, 0.49
2023-08-04 11:30 PM, 0.49
2023-08-04 11:36 PM, 0.48
2023-08-04 11:42 PM, 0.48
2023-08-04 11:48 PM, 0.47
2023-08-04 11:54 PM, 0.45
2023-08-05 12:00 AM, 0.44
2023-08-05 12:06 AM, 0.42
2023-08-05 12:12 AM, 0.41
2023-08-05 12:18 AM, 0.39
2023-08-05 12:24 AM, 0.37
2023-08-05 12:30 AM, 0.35
2023-08-05 12:36 AM, 0.33
2023-08-05 12:42 AM, 0.31
2023-08-05 12:48 AM, 0.29
2023-08-05 12:54 AM, 0.27
2023-08-05 01:00 AM, 0.25
2023-08-05 01:06 AM, 0.23
2023-08-05 01:12 AM, 0.21
2023-08-05 01:18 AM, 0.19
2023-08-05 01:24 AM, 0.18
2023-08-05 01:30 AM, 0.16
2023-08-05 01:36 AM, 0.15
2023-08-05 01:42 AM, 0.13
2023-08-05 01:48 AM, 0.12
2023-08-05 01:54 AM, 0.11
2023-08-05 02:00 AM, 0.10
2023-08-05 02:06 AM, 0.09
2023-08-05 02:12 AM, 0.08
2023-08-05 02:18 AM, 0.07
2023-08-05 02:24 AM, 0.07
2023-08-05 02:30 AM, 0.06
2023-08-05 02:36 AM, 0.05
2023-08-05 02:42 AM, 0.04
2023-08-05 02:48 AM, 0.03
2023-08-05 02:54 AM, 0.02
2023-08-05 03:00 AM, 0.01
2023-08-05 03:06 AM, 0.00
2023-08-05 03:12 AM, -0.01
2023-08-05 03:18 AM, -0.02
2023-08-05 03:24 AM, -0.03
2023-08-05 03:30 AM, -0.05
2023-08-05 03:36 AM, -0.06
2023-08-05 03:42 AM, -0.08
2023-08-05 03:48 AM, -0.09
2023-08-05 03:54 AM, -0.11
2023-08-05 04:00 AM, -0.13
2023-08-05 04:06 AM, -0.15
2023-08-05 04:12 AM, -0.16
2023-08-05 04:18 AM, -0.18
2023-08-05 04:24 AM, -0.20
2023-08-05 04:30 AM, -0.22
2023-08-05 04:36 AM, -0.24
2023-08-05 04:42 AM, -0.26
2023-08-05 04:48 AM, -0.27
2023-08-05 04:54 AM, -0.29
2023-08-05 05:00 AM, -0.30
2023-08-05 05:06 AM, -0.31
2023-08-05 05:12 AM, -0.33
2023-08-05 05:18 AM, -0.34
2023-08-05 05:24 AM, -0.34
2023-08-05 05:30 AM, -0.35
2023-08-05 05:36 AM, -0.35
2023-08-05 05:42 AM, -0.36
2023-08-05 05:48 AM, -0.36
2023-08-05 05:54 AM, -0.35
2023-08-05 06:00 AM, -0.35
2023-08-05 06:06 AM, -0.34
2023-08-05 06:12 AM, -0.34
2023-08-05 06:18 AM, -0.33
2023-08-05 06:24 AM, -0.32
2023-08-05 06:30 AM, -0.31
2023-08-05 06:36 AM, -0.29
2023-08-05 06:42 AM, -0.28
2023-08-05 06:48 AM, -0.27
2023-08-05 06:54 AM, -0.25
2023-08-05 07:00 AM, -0.24
2023-08-05 07:06 AM, -0.22
2023-08-05 07:12 AM, -0.21
2023-08-05 07:18 AM, -0.19
2023-08-05 07:24 AM, -0.18
2023-08-05 07:30 AM, -0.17
2023-08-05 07:36 AM, -0.15
2023-08-05 07:42 AM, -0.14
2023-08-05 07:48 AM, -0.13
2023-08-05 07:54 AM, -0.12
2023-08-05 08:00 AM, -0.11
2023-08-05 08:06 AM, -0.10
2023-08-05 08:12 AM, -0.09
2023-08-05 08:18 AM, -0.09
2023-08-05 08:24 AM, -0.08
2023-08-05 08:30 AM, -0.07
2023-08-05 08:36 AM, -0.07
2023-08-05 08:42 AM, -0.06
2023-08-05 08:48 AM, -0.05
2023-08-05 08:54 AM, -0.04
2023-08-05 09:00 AM, -0.03
2023-08-05 09:06 AM, -0.02
2023-08-05 09:12 AM, -0.01
2023-08-05 09:18 AM, 0.00
2023-08-05 09:24 AM, 0.02
2023-08-05 09:30 AM, 0.03
2023-08-05 09:36 AM, 0.05
2023-08-05 09:42 AM, 0.07
2023-08-05 09:48 AM, 0.09
2023-08-05 09:54 AM, 0.11
2023-08-05 10:00 AM, 0.13
2023-08-05 10:06 AM, 0.16
2023-08-05 10:12 AM, 0.18
2023-08-05 10:18 AM, 0.20
2023-08-05 10:24 AM, 0.23
2023-08-05 10:30 AM, 0.25
2023-08-05 10:36 AM, 0.28
2023-08-05 10:42 AM, 0.30
2023-08-05 10:48 AM, 0.33
2023-08-05 10:54 AM, 0.35
2023-08-05 11:00 AM, 0.37
2023-08-05 11:06 AM, 0.39
2023-08-05 11:12 AM, 0.40
2023-08-05 11:18 AM, 0.42
2023-08-05 11:24 AM, 0.43
2023-08-05 11:30 AM, 0.44
2023-08-05 11:36 AM, 0.45
2023-08-05 11:42 AM, 0.46
2023-08-05 11:48 AM, 0.46
2023-08-05 11:54 AM, 0.46
2023-08-05 12:00 PM, 0.46
2023-08-05 12:06 PM, 0.45
2023-08-05 12:12 PM, 0.44
2023-08-05 12:18 PM, 0.43
2023-08-05 12:24 PM, 0.42
2023-08-05 12:30 PM, 0.41
2023-08-05 12:36 PM, 0.40
2023-08-05 12:42 PM, 0.38
2023-08-05 12:48 PM, 0.36
2023-08-05 12:54 PM, 0.35
2023-08-05 01:00 PM, 0.33
2023-08-05 01:06 PM, 0.31
2023-08-05 01:12 PM, 0.29
2023-08-05 01:18 PM, 0.28
2023-08-05 01:24 PM, 0.26
2023-08-05 01:30 PM, 0.24
2023-08-05 01:36 PM, 0.23
2023-08-05 01:42 PM, 0.21
2023-08-05 01:48 PM, 0.20
2023-08-05 01:54 PM, 0.19
2023-08-05 02:00 PM, 0.17
2023-08-05 02:06 PM, 0.16
2023-08-05 02:12 PM, 0.15
2023-08-05 02:18 PM, 0.14
2023-08-05 02:24 PM, 0.13
2023-08-05 02:30 PM, 0.13
2023-08-05 02:36 PM, 0.12
2023-08-05 02:42 PM, 0.11
2023-08-05 02:48 PM, 0.10
2023-08-05 02:54 PM, 0.10
2023-08-05 03:00 PM, 0.09
2023-08-05 03:06 PM, 0.08
2023-08-05 03:12 PM, 0.07
2023-08-05 03:18 PM, 0.06
2023-08-05 03:24 PM, 0.05
2023-08-05 03:30 PM, 0.04
2023-08-05 03:36 PM, 0.03
2023-08-05 03:42 PM, 0.02
2023-08-05 03:48 PM, 0.00
2023-08-05 03:54 PM, -0.01
2023-08-05 04:00 PM, -0.03
2023-08-05 04:06 PM, -0.04
2023-08-05 04:12 PM, -0.06
2023-08-05 04:18 PM, -0.08
2023-08-05 04:24 PM, -0.10
2023-08-05 04:30 PM, -0.12
2023-08-05 04:36 PM, -0.14
2023-08-05 04:42 PM, -0.16
2023-08-05 04:48 PM, -0.18
2023-08-05 04:54 PM, -0.20
2023-08-05 05:00 PM, -0.22
2023-08-05 05:06 PM, -0.24
2023-08-05 05:12 PM, -0.26
2023-08-05 05:18 PM, -0.28
2023-08-05 05:24 PM, -0.29
2023-08-05 05:30 PM, -0.31
2023-08-05 05:36 PM, -0.32
2023-08-05 05:42 PM, -0.33
2023-08-05 05:48 PM, -0.34
2023-08-05 05:54 PM, -0.35
2023-08-05 06:00 PM, -0.36
2023-08-05 06:06 PM, -0.36
2023-08-05 06:12 PM, -0.36
2023-08-05 06:18 PM, -0.36
2023-08-05 06:24 PM, -0.36
2023-08-05 06:30 PM, -0.35
2023-08-05 06:36 PM, -0.35
2023-08-05 06:42 PM, -0.34
2023-08-05 06:48 PM, -0.33
2023-08-05 06:54 PM, -0.32
2023-08-05 07:00 PM, -0.31
2023-08-05 07:06 PM, -0.29
2023-08-05 07:12 PM, -0.28
2023-08-05 07:18 PM, -0.26
2023-08-05 07:24 PM, -0.25
2023-08-05 07:30 PM, -0.23
2023-08-05 07:36 PM, -0.22
2023-08-05 07:42 PM, -0.21
2023-08-05 07:48 PM, -0.19
2023-08-05 07:54 PM, -0.18
2023-08-05 08:00 PM, -0.17
2023-08-05 08:06 PM, -0.15
2023-08-05 08:12 PM, -0.14
2023-08-05 08:18 PM, -0.13
2023-08-05 08:24 PM, -0.12
2023-08-05 08:30 PM, -0.11
2023-08-05 08:36 PM, -0.10
2023-08-05 08:42 PM, -0.10
2023-08-05 08:48 PM, -0.09
2023-08-05 08:54 PM, -0.08
2023-08-05 09:00 PM, -0.07
2023-08-05 09:06 PM, -0.07
2023-08-05 09:12 PM, -0.06
2023-08-05 09:18 PM, -0.05
2023-08-05 09:24 PM, -0.04
2023-08-05 09:30 PM, -0.03
2023-08-05 09:36 PM, -0.02
2023-08-05 09:42 PM, 0.00
2023-08-05 09:48 PM, 0.01
2023-08-05 09:54 PM, 0.03
2023-08-05 10:00 PM, 0.04
2023-08-05 10:06 PM, 0.06
2023-08-05 10:12 PM, 0.08
2023-08-05 10:18 PM, 0.10
2023-08-05 10:24 PM, 0.13
2023-08-05 10:30 PM, 0.15
2023-08-05 10:36 PM, 0.17
2023-08-05 10:42 PM, 0.20
2023-08-05 10:48 PM, 0.22
2023-08-05 10:54 PM, 0.25
2023-08-05 11:00 PM, 0.27
2023-08-05 11:06 PM, 0.30
2023-08-05 11:12 PM, 0.32
2023-08-05 11:18 PM, 0.34
2023-08-05 11:24 PM, 0.36
2023-08-05 11:30 PM, 0.38
2023-08-05 11:36 PM, 0.40
2023-08-05 11:42 PM, 0.41
2023-08-05 11:48 PM, 0.42
2023-08-05 11:54 PM, 0.43
2023-08-06 12:00 AM, 0.44
2023-08-06 12:06 AM, 0.45
2023-08-06 12:12 AM, 0.45
2023-08-06 12:18 AM, 0.45
2023-08-06 12:24 AM, 0.44
2023-08-06 12:30 AM, 0.44
2023-08-06 12:36 AM, 0.43
2023-08-06 12:42 AM, 0.42
2023-08-06 12:48 AM, 0.41
2023-08-06 12:54 AM, 0.40
2023-08-06 01:00 AM, 0.38
2023-08-06 01:06 AM, 0.37
2023-08-06 01:12 AM, 0.35
2023-08-06 01:18 AM, 0.33
2023-08-06 01:24 AM, 0.31
2023-08-06 01:30 AM, 0.30
2023-08-06 01:36 AM, 0.28
2023-08-06 01:42 AM, 0.26
2023-08-06 01:48 AM, 0.24
2023-08-06 01:54 AM, 0.23
2023-08-06 02:00 AM, 0.21
2023-08-06 02:06 AM, 0.20
2023-08-06 02:12 AM, 0.18
2023-08-06 02:18 AM, 0.17
2023-08-06 02:24 AM, 0.16
2023-08-06 02:30 AM, 0.15
2023-08-06 02:36 AM, 0.14
2023-08-06 02:42 AM, 0.13
2023-08-06 02:48 AM, 0.12
2023-08-06 02:54 AM, 0.11
2023-08-06 03:00 AM, 0.10
2023-08-06 03:06 AM, 0.10
2023-08-06 03:12 AM, 0.09
2023-08-06 03:18 AM, 0.08
2023-08-06 03:24 AM, 0.08
2023-08-06 03:30 AM, 0.07
2023-08-06 03:36 AM, 0.06
2023-08-06 03:42 AM, 0.05
2023-08-06 03:48 AM, 0.05
2023-08-06 03:54 AM, 0.04
2023-08-06 04:00 AM, 0.02
2023-08-06 04:06 AM, 0.01
2023-08-06 04:12 AM, 0.00
2023-08-06 04:18 AM, -0.01
2023-08-06 04:24 AM, -0.03
2023-08-06 04:30 AM, -0.04
2023-08-06 04:36 AM, -0.06
2023-08-06 04:42 AM, -0.08
2023-08-06 04:48 AM, -0.10
2023-08-06 04:54 AM, -0.12
2023-08-06 05:00 AM, -0.14
2023-08-06 05:06 AM, -0.15
2023-08-06 05:12 AM, -0.17
2023-08-06 05:18 AM, -0.19
2023-08-06 05:24 AM, -0.21
2023-08-06 05:30 AM, -0.23
2023-08-06 05:36 AM, -0.25
2023-08-06 05:42 AM, -0.26
2023-08-06 05:48 AM, -0.28
2023-08-06 05:54 AM, -0.29
2023-08-06 06:00 AM, -0.30
2023-08-06 06:06 AM, -0.32
2023-08-06 06:12 AM, -0.32
2023-08-06 06:18 AM, -0.33
2023-08-06 06:24 AM, -0.34
2023-08-06 06:30 AM, -0.34
2023-08-06 06:36 AM, -0.34
2023-08-06 06:42 AM, -0.34
2023-08-06 06:48 AM, -0.33
2023-08-06 06:54 AM, -0.33
2023-08-06 07:00 AM, -0.32
2023-08-06 07:06 AM, -0.31
2023-08-06 07:12 AM, -0.30
2023-08-06 07:18 AM, -0.29
2023-08-06 07:24 AM, -0.28
2023-08-06 07:30 AM, -0.27
2023-08-06 07:36 AM, -0.26
2023-08-06 07:42 AM, -0.24
2023-08-06 07:48 AM, -0.23
2023-08-06 07:54 AM, -0.21
2023-08-06 08:00 AM, -0.20
2023-08-06 08:06 AM, -0.19
2023-08-06 08:12 AM, -0.17
2023-08-06 08:18 AM, -0.16
2023-08-06 08:24 AM, -0.15
2023-08-06 08:30 AM, -0.14
2023-08-06 08:36 AM, -0.13
2023-08-06 08:42 AM, -0.12
2023-08-06 08:48 AM, -0.11
2023-08-06 08:54 AM, -0.11
2023-08-06 09:00 AM, -0.10
2023-08-06 09:06 AM, -0.09
2023-08-06 09:12 AM, -0.09
2023-08-06 09:18 AM, -0.08
2023-08-06 09:24 AM, -0.08
2023-08-06 09:30 AM, -0.07
2023-08-06 09:36 AM, -0.06
2023-08-06 09:42 AM, -0.06
2023-08-06 09:48 AM, -0.05
2023-08-06 09:54 AM, -0.04
2023-08-06 10:00 AM, -0.03
2023-08-06 10:06 AM, -0.02
2023-08-06 10:12 AM, -0.01
2023-08-06 10:18 AM, 0.01
2023-08-06 10:24 AM, 0.02
2023-08-06 10:30 AM, 0.04
2023-08-06 10:36 AM, 0.06
2023-08-06 10:42 AM, 0.08
2023-08-06 10:48 AM, 0.10
2023-08-06 10:54 AM, 0.12
2023-08-06 11:00 AM, 0.15
2023-08-06 11:06 AM, 0.17
2023-08-06 11:12 AM, 0.19
2023-08-06 11:18 AM, 0.22
2023-08-06 11:24 AM, 0.24
2023-08-06 11:30 AM, 0.27
2023-08-06 11:36 AM, 0.29
2023-08-06 11:42 AM, 0.31
2023-08-06 11:48 AM, 0.34
2023-08-06 11:54 AM, 0.36
2023-08-06 12:00 PM, 0.37
2023-08-06 12:06 PM, 0.39
2023-08-06 12:12 PM, 0.40
2023-08-06 12:18 PM, 0.42
2023-08-06 12:24 PM, 0.42
2023-08-06 12:30 PM, 0.43
2023-08-06 12:36 PM, 0.44
2023-08-06 12:42 PM, 0.44
2023-08-06 12:48 PM, 0.44
2023-08-06 12:54 PM, 0.43
2023-08-06 01:00 PM, 0.43
2023-08-06 01:06 PM, 0.42
2023-08-06 01:12 PM, 0.41
2023-08-06 01:18 PM, 0.40
2023-08-06 01:24 PM, 0.39
2023-08-06 01:30 PM, 0.38
2023-08-06 01:36 PM, 0.36
2023-08-06 01:42 PM, 0.35
2023-08-06 01:48 PM, 0.34
2023-08-06 01:54 PM, 0.32
2023-08-06 02:00 PM, 0.30
2023-08-06 02:06 PM, 0.29
2023-08-06 02:12 PM, 0.28
2023-08-06 02:18 PM, 0.26
2023-08-06 02:24 PM, 0.25
2023-08-06 02:30 PM, 0.24
2023-08-06 02:36 PM, 0.22
2023-08-06 02:42 PM, 0.21
2023-08-06 02:48 PM, 0.20
2023-08-06 02:54 PM, 0.19
2023-08-06 03:00 PM, 0.19
2023-08-06 03:06 PM, 0.18
2023-08-06 03:12 PM, 0.17
2023-08-06 03:18 PM, 0.16
2023-08-06 03:24 PM, 0.16
2023-08-06 03:30 PM, 0.15
2023-08-06 03:36 PM, 0.14
2023-08-06 03:42 PM, 0.14
2023-08-06 03:48 PM, 0.13
2023-08-06 03:54 PM, 0.12
2023-08-06 04:00 PM, 0.11
2023-08-06 04:06 PM, 0.11
2023-08-06 04:12 PM, 0.10
2023-08-06 04:18 PM, 0.09
2023-08-06 04:24 PM, 0.07
2023-08-06 04:30 PM, 0.06
2023-08-06 04:36 PM, 0.05
2023-08-06 04:42 PM, 0.03
2023-08-06 04:48 PM, 0.02
2023-08-06 04:54 PM, 0.00
2023-08-06 05:00 PM, -0.02
2023-08-06 05:06 PM, -0.04
2023-08-06 05:12 PM, -0.06
2023-08-06 05:18 PM, -0.08
2023-08-06 05:24 PM, -0.10
2023-08-06 05:30 PM, -0.12
2023-08-06 05:36 PM, -0.14
2023-08-06 05:42 PM, -0.16
2023-08-06 05:48 PM, -0.19
2023-08-06 05:54 PM, -0.21
2023-08-06 06:00 PM, -0.22
2023-08-06 06:06 PM, -0.24
2023-08-06 06:12 PM, -0.26
2023-08-06 06:18 PM, -0.28
2023-08-06 06:24 PM, -0.29
2023-08-06 06:30 PM, -0.30
2023-08-06 06:36 PM, -0.31
2023-08-06 06:42 PM, -0.32
2023-08-06 06:48 PM, -0.33
2023-08-06 06:54 PM, -0.33
2023-08-06 07:00 PM, -0.34
2023-08-06 07:06 PM, -0.34
2023-08-06 07:12 PM, -0.34
2023-08-06 07:18 PM, -0.33
2023-08-06 07:24 PM, -0.33
2023-08-06 07:30 PM, -0.32
2023-08-06 07:36 PM, -0.31
2023-08-06 07:42 PM, -0.30
2023-08-06 07:48 PM, -0.29
2023-08-06 07:54 PM, -0.28
2023-08-06 08:00 PM, -0.27
2023-08-06 08:06 PM, -0.26
2023-08-06 08:12 PM, -0.24
2023-08-06 08:18 PM, -0.23
2023-08-06 08:24 PM, -0.22
2023-08-06 08:30 PM, -0.21
2023-08-06 08:36 PM, -0.19
2023-08-06 08:42 PM, -0.18
2023-08-06 08:48 PM, -0.17
2023-08-06 08:54 PM, -0.16
2023-08-06 09:00 PM, -0.15
2023-08-06 09:06 PM, -0.15
2023-08-06 09:12 PM, -0.14
2023-08-06 09:18 PM, -0.13
2023-08-06 09:24 PM, -0.13
2023-08-06 09:30 PM, -0.12
2023-08-06 09:36 PM, -0.11
2023-08-06 09:42 PM, -0.11
2023-08-06 09:48 PM, -0.10
2023-08-06 09:54 PM, -0.10
2023-08-06 10:00 PM, -0.09
2023-08-06 10:06 PM, -0.09
2023-08-06 10:12 PM, -0.08
2023-08-06 10:18 PM, -0.07
2023-08-06 10:24 PM, -0.06
2023-08-06 10:30 PM, -0.05
2023-08-06 10:36 PM, -0.04
2023-08-06 10:42 PM, -0.02
2023-08-06 10:48 PM, -0.01
2023-08-06 10:54 PM, 0.01
2023-08-06 11:00 PM, 0.03
2023-08-06 11:06 PM, 0.05
2023-08-06 11:12 PM, 0.07
2023-08-06 11:18 PM, 0.09
2023-08-06 11:24 PM, 0.11
2023-08-06 11:30 PM, 0.13
2023-08-06 11:36 PM, 0.16
2023-08-06 11:42 PM, 0.18
2023-08-06 11:48 PM, 0.21
2023-08-06 11:54 PM, 0.23
2023-08-07 12:00 AM, 0.25
2023-08-07 12:06 AM, 0.28
2023-08-07 12:12 AM, 0.30
2023-08-07 12:18 AM, 0.32
2023-08-07 12:24 AM, 0.33
2023-08-07 12:30 AM, 0.35
2023-08-07 12:36 AM, 0.36
2023-08-07 12:42 AM, 0.38
2023-08-07 12:48 AM, 0.39
2023-08-07 12:54 AM, 0.39
2023-08-07 01:00 AM, 0.40
2023-08-07 01:06 AM, 0.40
2023-08-07 01:12 AM, 0.40
2023-08-07 01:18 AM, 0.40
2023-08-07 01:24 AM, 0.39
2023-08-07 01:30 AM, 0.39
2023-08-07 01:36 AM, 0.38
2023-08-07 01:42 AM, 0.37
2023-08-07 01:48 AM, 0.36
2023-08-07 01:54 AM, 0.35
2023-08-07 02:00 AM, 0.33
2023-08-07 02:06 AM, 0.32
2023-08-07 02:12 AM, 0.30
2023-08-07 02:18 AM, 0.29
2023-08-07 02:24 AM, 0.27
2023-08-07 02:30 AM, 0.26
2023-08-07 02:36 AM, 0.25
2023-08-07 02:42 AM, 0.23
2023-08-07 02:48 AM, 0.22
2023-08-07 02:54 AM, 0.21
2023-08-07 03:00 AM, 0.20
2023-08-07 03:06 AM, 0.19
2023-08-07 03:12 AM, 0.18
2023-08-07 03:18 AM, 0.17
2023-08-07 03:24 AM, 0.16
2023-08-07 03:30 AM, 0.15
2023-08-07 03:36 AM, 0.14
2023-08-07 03:42 AM, 0.14
2023-08-07 03:48 AM, 0.13
2023-08-07 03:54 AM, 0.13
2023-08-07 04:00 AM, 0.12
2023-08-07 04:06 AM, 0.11
2023-08-07 04:12 AM, 0.11
2023-08-07 04:18 AM, 0.10
2023-08-07 04:24 AM, 0.09
2023-08-07 04:30 AM, 0.09
2023-08-07 04:36 AM, 0.08
2023-08-07 04:42 AM, 0.07
2023-08-07 04:48 AM, 0.06
2023-08-07 04:54 AM, 0.04
2023-08-07 05:00 AM, 0.03
2023-08-07 05:06 AM, 0.02
2023-08-07 05:12 AM, 0.00
2023-08-07 05:18 AM, -0.01
2023-08-07 05:24 AM, -0.03
2023-08-07 05:30 AM, -0.05
2023-08-07 05:36 AM, -0.07
2023-08-07 05:42 AM, -0.08
2023-08-07 05:48 AM, -0.10
2023-08-07 05:54 AM, -0.12
2023-08-07 06:00 AM, -0.14
2023-08-07 06:06 AM, -0.16
2023-08-07 06:12 AM, -0.18
2023-08-07 06:18 AM, -0.20
2023-08-07 06:24 AM, -0.22
2023-08-07 06:30 AM, -0.23
2023-08-07 06:36 AM, -0.25
2023-08-07 06:42 AM, -0.26
2023-08-07 06:48 AM, -0.27
2023-08-07 06:54 AM, -0.29
2023-08-07 07:00 AM, -0.30
2023-08-07 07:06 AM, -0.30
2023-08-07 07:12 AM, -0.31
2023-08-07 07:18 AM, -0.31
2023-08-07 07:24 AM, -0.31
2023-08-07 07:30 AM, -0.31
2023-08-07 07:36 AM, -0.31
2023-08-07 07:42 AM, -0.31
2023-08-07 07:48 AM, -0.30
2023-08-07 07:54 AM, -0.30
2023-08-07 08:00 AM, -0.29
2023-08-07 08:06 AM, -0.28
2023-08-07 08:12 AM, -0.27
2023-08-07 08:18 AM, -0.26
2023-08-07 08:24 AM, -0.24
2023-08-07 08:30 AM, -0.23
2023-08-07 08:36 AM, -0.22
2023-08-07 08:42 AM, -0.21
2023-08-07 08:48 AM, -0.19
2023-08-07 08:54 AM, -0.18
2023-08-07 09:00 AM, -0.17
2023-08-07 09:06 AM, -0.16
2023-08-07 09:12 AM, -0.15
2023-08-07 09:18 AM, -0.14
2023-08-07 09:24 AM, -0.13
2023-08-07 09:30 AM, -0.12
2023-08-07 09:36 AM, -0.12
2023-08-07 09:42 AM, -0.11
2023-08-07 09:48 AM, -0.11
2023-08-07 09:54 AM, -0.10
2023-08-07 10:00 AM, -0.10
2023-08-07 10:06 AM, -0.09
2023-08-07 10:12 AM, -0.09
2023-08-07 10:18 AM, -0.08
2023-08-07 10:24 AM, -0.08
2023-08-07 10:30 AM, -0.07
2023-08-07 10:36 AM, -0.07
2023-08-07 10:42 AM, -0.06
2023-08-07 10:48 AM, -0.05
2023-08-07 10:54 AM, -0.04
2023-08-07 11:00 AM, -0.03
2023-08-07 11:06 AM, -0.02
2023-08-07 11:12 AM, -0.01
2023-08-07 11:18 AM, 0.01
2023-08-07 11:24 AM, 0.03
2023-08-07 11:30 AM, 0.05
2023-08-07 11:36 AM, 0.07
2023-08-07 11:42 AM, 0.09
2023-08-07 11:48 AM, 0.11
2023-08-07 11:54 AM, 0.13
2023-08-07 12:00 PM, 0.15
2023-08-07 12:06 PM, 0.18
2023-08-07 12:12 PM, 0.20
2023-08-07 12:18 PM, 0.23
2023-08-07 12:24 PM, 0.25
2023-08-07 12:30 PM, 0.27
2023-08-07 12:36 PM, 0.29
2023-08-07 12:42 PM, 0.31
2023-08-07 12:48 PM, 0.33
2023-08-07 12:54 PM, 0.35
2023-08-07 01:00 PM, 0.37
2023-08-07 01:06 PM, 0.38
2023-08-07 01:12 PM, 0.39
2023-08-07 01:18 PM, 0.40
2023-08-07 01:24 PM, 0.41
2023-08-07 01:30 PM, 0.41
2023-08-07 01:36 PM, 0.41
2023-08-07 01:42 PM, 0.41
2023-08-07 01:48 PM, 0.41
2023-08-07 01:54 PM, 0.41
2023-08-07 02:00 PM, 0.40
2023-08-07 02:06 PM, 0.39
2023-08-07 02:12 PM, 0.39
2023-08-07 02:18 PM, 0.38
2023-08-07 02:24 PM, 0.37
2023-08-07 02:30 PM, 0.35
2023-08-07 02:36 PM, 0.34
2023-08-07 02:42 PM, 0.33
2023-08-07 02:48 PM, 0.32
2023-08-07 02:54 PM, 0.30
2023-08-07 03:00 PM, 0.29
2023-08-07 03:06 PM, 0.28
2023-08-07 03:12 PM, 0.27
2023-08-07 03:18 PM, 0.26
2023-08-07 03:24 PM, 0.25
2023-08-07 03:30 PM, 0.24
2023-08-07 03:36 PM, 0.23
2023-08-07 03:42 PM, 0.22
2023-08-07 03:48 PM, 0.21
2023-08-07 03:54 PM, 0.21
2023-08-07 04:00 PM, 0.20
2023-08-07 04:06 PM, 0.19
2023-08-07 04:12 PM, 0.19
2023-08-07 04:18 PM, 0.18
2023-08-07 04:24 PM, 0.18
2023-08-07 04:30 PM, 0.17
2023-08-07 04:36 PM, 0.16
2023-08-07 04:42 PM, 0.16
2023-08-07 04:48 PM, 0.15
2023-08-07 04:54 PM, 0.14
2023-08-07 05:00 PM, 0.13
2023-08-07 05:06 PM, 0.12
2023-08-07 05:12 PM, 0.11
2023-08-07 05:18 PM, 0.10
2023-08-07 05:24 PM, 0.08
2023-08-07 05:30 PM, 0.07
2023-08-07 05:36 PM, 0.05
2023-08-07 05:42 PM, 0.03
2023-08-07 05:48 PM, 0.02
2023-08-07 05:54 PM, 0.00
2023-08-07 06:00 PM, -0.02
2023-08-07 06:06 PM, -0.04
2023-08-07 06:12 PM, -0.06
2023-08-07 06:18 PM, -0.08
2023-08-07 06:24 PM, -0.10
2023-08-07 06:30 PM, -0.12
2023-08-07 06:36 PM, -0.15
2023-08-07 06:42 PM, -0.17
2023-08-07 06:48 PM, -0.18
2023-08-07 06:54 PM, -0.20
2023-08-07 07:00 PM, -0.22
2023-08-07 07:06 PM, -0.24
2023-08-07 07:12 PM, -0.25
2023-08-07 07:18 PM, -0.27
2023-08-07 07:24 PM, -0.28
2023-08-07 07:30 PM, -0.29
2023-08-07 07:36 PM, -0.29
2023-08-07 07:42 PM, -0.30
2023-08-07 07:48 PM, -0.31
2023-08-07 07:54 PM, -0.31
2023-08-07 08:00 PM, -0.31
2023-08-07 08:06 PM, -0.31
2023-08-07 08:12 PM, -0.30
2023-08-07 08:18 PM, -0.30
2023-08-07 08:24 PM, -0.29
2023-08-07 08:30 PM, -0.29
2023-08-07 08:36 PM, -0.28
2023-08-07 08:42 PM, -0.27
2023-08-07 08:48 PM, -0.26
2023-08-07 08:54 PM, -0.25
2023-08-07 09:00 PM, -0.24
2023-08-07 09:06 PM, -0.23
2023-08-07 09:12 PM, -0.22
2023-08-07 09:18 PM, -0.21
2023-08-07 09:24 PM, -0.20
2023-08-07 09:30 PM, -0.19
2023-08-07 09:36 PM, -0.18
2023-08-07 09:42 PM, -0.17
2023-08-07 09:48 PM, -0.17
2023-08-07 09:54 PM, -0.16
2023-08-07 10:00 PM, -0.15
2023-08-07 10:06 PM, -0.15
2023-08-07 10:12 PM, -0.15
2023-08-07 10:18 PM, -0.14
2023-08-07 10:24 PM, -0.14
2023-08-07 10:30 PM, -0.13
2023-08-07 10:36 PM, -0.13
2023-08-07 10:42 PM, -0.13
2023-08-07 10:48 PM, -0.12
2023-08-07 10:54 PM, -0.12
2023-08-07 11:00 PM, -0.11
2023-08-07 11:06 PM, -0.11
2023-08-07 11:12 PM, -0.10
2023-08-07 11:18 PM, -0.09
2023-08-07 11:24 PM, -0.08
2023-08-07 11:30 PM, -0.07
2023-08-07 11:36 PM, -0.06
2023-08-07 11:42 PM, -0.04
2023-08-07 11:48 PM, -0.03
2023-08-07 11:54 PM, -0.01
2023-08-08 12:00 AM, 0.01
