"Date","Time (LST)","Predicted (ft)","Preliminary (ft)","Verified (ft)"
"2024/05/20","00:00","3.822","-","4.91"
"2024/05/20","00:06","3.625","-","4.72"
"2024/05/20","00:12","3.432","-","4.52"
"2024/05/20","00:18","3.245","-","4.32"
"2024/05/20","00:24","3.065","-","4.14"
"2024/05/20","00:30","2.891","-","3.95"
"2024/05/20","00:36","2.724","-","3.76"
"2024/05/20","00:42","2.565","-","3.58"
"2024/05/20","00:48","2.414","-","3.41"
"2024/05/20","00:54","2.272","-","3.24"
"2024/05/20","01:00","2.137","-","3.07"
"2024/05/20","01:06","2.011","-","2.91"
"2024/05/20","01:12","1.892","-","2.76"
"2024/05/20","01:18","1.782","-","2.62"
"2024/05/20","01:24","1.678","-","2.49"
"2024/05/20","01:30","1.581","-","2.37"
"2024/05/20","01:36","1.491","-","2.25"
"2024/05/20","01:42","1.407","-","2.14"
"2024/05/20","01:48","1.328","-","2.04"
"2024/05/20","01:54","1.254","-","1.96"
"2024/05/20","02:00","1.183","-","1.89"
"2024/05/20","02:06","1.117","-","1.82"
"2024/05/20","02:12","1.054","-","1.77"
"2024/05/20","02:18","0.994","-","1.73"
"2024/05/20","02:24","0.936","-","1.7"
"2024/05/20","02:30","0.881","-","1.67"
"2024/05/20","02:36","0.829","-","1.64"
"2024/05/20","02:42","0.778","-","1.61"
"2024/05/20","02:48","0.73","-","1.59"
"2024/05/20","02:54","0.685","-","1.58"
"2024/05/20","03:00","0.644","-","1.56"
"2024/05/20","03:06","0.606","-","1.53"
"2024/05/20","03:12","0.572","-","1.51"
"2024/05/20","03:18","0.543","-","1.49"
"2024/05/20","03:24","0.52","-","1.47"
"2024/05/20","03:30","0.504","-","1.46"
"2024/05/20","03:36","0.495","-","1.45"
"2024/05/20","03:42","0.494","-","1.45"
"2024/05/20","03:48","0.503","-","1.45"
"2024/05/20","03:54","0.521","-","1.46"
"2024/05/20","04:00","0.551","-","1.48"
"2024/05/20","04:06","0.591","-","1.51"
"2024/05/20","04:12","0.644","-","1.54"
"2024/05/20","04:18","0.71","-","1.59"
"2024/05/20","04:24","0.788","-","1.65"
"2024/05/20","04:30","0.879","-","1.72"
"2024/05/20","04:36","0.983","-","1.81"
"2024/05/20","04:42","1.099","-","1.91"
"2024/05/20","04:48","1.229","-","2.01"
"2024/05/20","04:54","1.37","-","2.14"
"2024/05/20","05:00","1.522","-","2.28"
"2024/05/20","05:06","1.684","-","2.43"
"2024/05/20","05:12","1.857","-","2.6"
"2024/05/20","05:18","2.037","-","2.76"
"2024/05/20","05:24","2.224","-","2.95"
"2024/05/20","05:30","2.418","-","3.15"
"2024/05/20","05:36","2.616","-","3.36"
"2024/05/20","05:42","2.817","-","3.57"
"2024/05/20","05:48","3.019","-","3.8"
"2024/05/20","05:54","3.222","-","4.03"
"2024/05/20","06:00","3.424","-","4.26"
"2024/05/20","06:06","3.624","-","4.49"
"2024/05/20","06:12","3.821","-","4.72"
"2024/05/20","06:18","4.013","-","4.94"
"2024/05/20","06:24","4.199","-","5.15"
"2024/05/20","06:30","4.379","-","5.35"
"2024/05/20","06:36","4.553","-","5.56"
"2024/05/20","06:42","4.719","-","5.76"
"2024/05/20","06:48","4.876","-","5.95"
"2024/05/20","06:54","5.026","-","6.14"
"2024/05/20","07:00","5.167","-","6.33"
"2024/05/20","07:06","5.301","-","6.51"
"2024/05/20","07:12","5.426","-","6.68"
"2024/05/20","07:18","5.543","-","6.83"
"2024/05/20","07:24","5.652","-","6.97"
"2024/05/20","07:30","5.755","-","7.11"
"2024/05/20","07:36","5.85","-","7.22"
"2024/05/20","07:42","5.94","-","7.32"
"2024/05/20","07:48","6.024","-","7.42"
"2024/05/20","07:54","6.102","-","7.5"
"2024/05/20","08:00","6.176","-","7.57"
"2024/05/20","08:06","6.245","-","7.63"
"2024/05/20","08:12","6.31","-","7.66"
"2024/05/20","08:18","6.372","-","7.7"
"2024/05/20","08:24","6.43","-","7.73"
"2024/05/20","08:30","6.485","-","7.75"
"2024/05/20","08:36","6.537","-","7.77"
"2024/05/20","08:42","6.585","-","7.78"
"2024/05/20","08:48","6.63","-","7.79"
"2024/05/20","08:54","6.671","-","7.81"
"2024/05/20","09:00","6.709","-","7.82"
"2024/05/20","09:06","6.742","-","7.82"
"2024/05/20","09:12","6.771","-","7.82"
"2024/05/20","09:18","6.795","-","7.83"
"2024/05/20","09:24","6.813","-","7.82"
"2024/05/20","09:30","6.824","-","7.82"
"2024/05/20","09:36","6.829","-","7.8"
"2024/05/20","09:42","6.827","-","7.78"
"2024/05/20","09:48","6.816","-","7.76"
"2024/05/20","09:54","6.797","-","7.74"
"2024/05/20","10:00","6.77","-","7.7"
"2024/05/20","10:06","6.732","-","7.66"
"2024/05/20","10:12","6.685","-","7.62"
"2024/05/20","10:18","6.628","-","7.56"
"2024/05/20","10:24","6.561","-","7.51"
"2024/05/20","10:30","6.483","-","7.44"
"2024/05/20","10:36","6.394","-","7.37"
"2024/05/20","10:42","6.295","-","7.29"
"2024/05/20","10:48","6.186","-","7.21"
"2024/05/20","10:54","6.067","-","7.11"
"2024/05/20","11:00","5.938","-","7.01"
"2024/05/20","11:06","5.799","-","6.9"
"2024/05/20","11:12","5.652","-","6.79"
"2024/05/20","11:18","5.497","-","6.65"
"2024/05/20","11:24","5.335","-","6.51"
"2024/05/20","11:30","5.167","-","6.37"
"2024/05/20","11:36","4.993","-","6.21"
"2024/05/20","11:42","4.814","-","6.04"
"2024/05/20","11:48","4.632","-","5.87"
"2024/05/20","11:54","4.448","-","5.69"
"2024/05/20","12:00","4.262","-","5.5"
"2024/05/20","12:06","4.076","-","5.3"
"2024/05/20","12:12","3.891","-","5.1"
"2024/05/20","12:18","3.708","-","4.89"
"2024/05/20","12:24","3.527","-","4.7"
"2024/05/20","12:30","3.35","-","4.5"
"2024/05/20","12:36","3.179","-","4.3"
"2024/05/20","12:42","3.012","-","4.11"
"2024/05/20","12:48","2.852","-","3.92"
"2024/05/20","12:54","2.699","-","3.74"
"2024/05/20","13:00","2.554","-","3.57"
"2024/05/20","13:06","2.416","-","3.39"
"2024/05/20","13:12","2.287","-","3.22"
"2024/05/20","13:18","2.167","-","3.06"
"2024/05/20","13:24","2.054","-","2.9"
"2024/05/20","13:30","1.951","-","2.73"
"2024/05/20","13:36","1.856","-","2.57"
"2024/05/20","13:42","1.769","-","2.45"
"2024/05/20","13:48","1.689","-","2.32"
"2024/05/20","13:54","1.618","-","2.21"
"2024/05/20","14:00","1.553","-","2.09"
"2024/05/20","14:06","1.494","-","2.01"
"2024/05/20","14:12","1.442","-","1.91"
"2024/05/20","14:18","1.395","-","1.85"
"2024/05/20","14:24","1.352","-","1.79"
"2024/05/20","14:30","1.314","-","1.75"
"2024/05/20","14:36","1.28","-","1.71"
"2024/05/20","14:42","1.249","-","1.69"
"2024/05/20","14:48","1.221","-","1.64"
"2024/05/20","14:54","1.195","-","1.63"
"2024/05/20","15:00","1.173","-","1.62"
"2024/05/20","15:06","1.153","-","1.6"
"2024/05/20","15:12","1.136","-","1.59"
"2024/05/20","15:18","1.122","-","1.59"
"2024/05/20","15:24","1.111","-","1.59"
"2024/05/20","15:30","1.104","-","1.59"
"2024/05/20","15:36","1.101","-","1.6"
"2024/05/20","15:42","1.103","-","1.6"
"2024/05/20","15:48","1.111","-","1.65"
"2024/05/20","15:54","1.125","-","1.67"
"2024/05/20","16:00","1.146","-","1.72"
"2024/05/20","16:06","1.175","-","1.77"
"2024/05/20","16:12","1.212","-","1.83"
"2024/05/20","16:18","1.26","-","1.89"
"2024/05/20","16:24","1.318","-","1.96"
"2024/05/20","16:30","1.386","-","2.05"
"2024/05/20","16:36","1.466","-","2.13"
"2024/05/20","16:42","1.558","-","2.23"
"2024/05/20","16:48","1.662","-","2.33"
"2024/05/20","16:54","1.779","-","2.45"
"2024/05/20","17:00","1.908","-","2.57"
"2024/05/20","17:06","2.049","-","2.69"
"2024/05/20","17:12","2.201","-","2.84"
"2024/05/20","17:18","2.365","-","3.02"
"2024/05/20","17:24","2.54","-","3.18"
"2024/05/20","17:30","2.724","-","3.37"
"2024/05/20","17:36","2.918","-","3.56"
"2024/05/20","17:42","3.118","-","3.76"
"2024/05/20","17:48","3.325","-","3.98"
"2024/05/20","17:54","3.538","-","4.2"
"2024/05/20","18:00","3.754","-","4.42"
"2024/05/20","18:06","3.972","-","4.64"
"2024/05/20","18:12","4.191","-","4.86"
"2024/05/20","18:18","4.41","-","5.08"
"2024/05/20","18:24","4.627","-","5.3"
"2024/05/20","18:30","4.841","-","5.51"
"2024/05/20","18:36","5.05","-","5.73"
"2024/05/20","18:42","5.254","-","5.94"
"2024/05/20","18:48","5.451","-","6.15"
"2024/05/20","18:54","5.64","-","6.34"
"2024/05/20","19:00","5.822","-","6.54"
"2024/05/20","19:06","5.994","-","6.74"
"2024/05/20","19:12","6.157","-","6.92"
"2024/05/20","19:18","6.311","-","7.1"
"2024/05/20","19:24","6.455","-","7.29"
"2024/05/20","19:30","6.589","-","7.48"
"2024/05/20","19:36","6.713","-","7.62"
"2024/05/20","19:42","6.828","-","7.77"
"2024/05/20","19:48","6.934","-","7.91"
"2024/05/20","19:54","7.031","-","8.05"
"2024/05/20","20:00","7.119","-","8.16"
"2024/05/20","20:06","7.2","-","8.27"
"2024/05/20","20:12","7.273","-","8.36"
"2024/05/20","20:18","7.34","-","8.45"
"2024/05/20","20:24","7.4","-","8.52"
"2024/05/20","20:30","7.455","-","8.57"
"2024/05/20","20:36","7.504","-","8.61"
"2024/05/20","20:42","7.548","-","8.64"
"2024/05/20","20:48","7.588","-","8.66"
"2024/05/20","20:54","7.623","-","8.68"
"2024/05/20","21:00","7.653","-","8.68"
"2024/05/20","21:06","7.679","-","8.68"
"2024/05/20","21:12","7.701","-","8.69"
"2024/05/20","21:18","7.719","-","8.7"
"2024/05/20","21:24","7.732","-","8.71"
"2024/05/20","21:30","7.74","-","8.71"
"2024/05/20","21:36","7.743","-","8.7"
"2024/05/20","21:42","7.74","-","8.71"
"2024/05/20","21:48","7.731","-","8.7"
"2024/05/20","21:54","7.716","-","8.69"
"2024/05/20","22:00","7.693","-","8.66"
"2024/05/20","22:06","7.663","-","8.61"
"2024/05/20","22:12","7.625","-","8.56"
"2024/05/20","22:18","7.578","-","8.5"
"2024/05/20","22:24","7.522","-","8.43"
"2024/05/20","22:30","7.457","-","8.35"
"2024/05/20","22:36","7.382","-","8.27"
"2024/05/20","22:42","7.297","-","8.17"
"2024/05/20","22:48","7.201","-","8.08"
"2024/05/20","22:54","7.095","-","7.98"
"2024/05/20","23:00","6.978","-","7.86"
"2024/05/20","23:06","6.851","-","7.74"
"2024/05/20","23:12","6.714","-","7.61"
"2024/05/20","23:18","6.566","-","7.47"
"2024/05/20","23:24","6.409","-","7.31"
"2024/05/20","23:30","6.243","-","7.16"
"2024/05/20","23:36","6.067","-","6.99"
"2024/05/20","23:42","5.884","-","6.8"
"2024/05/20","23:48","5.693","-","6.6"
"2024/05/20","23:54","5.496","-","6.42"
"2024/05/21","00:00","5.294","-","6.2"
"2024/05/21","00:06","5.086","-","5.99"
"2024/05/21","00:12","4.875","-","5.75"
"2024/05/21","00:18","4.662","-","5.54"
"2024/05/21","00:24","4.446","-","5.32"
"2024/05/21","00:30","4.231","-","5.09"
"2024/05/21","00:36","4.016","-","4.86"
"2024/05/21","00:42","3.803","-","4.63"
"2024/05/21","00:48","3.592","-","4.42"
"2024/05/21","00:54","3.386","-","4.19"
"2024/05/21","01:00","3.184","-","3.98"
"2024/05/21","01:06","2.987","-","3.77"
"2024/05/21","01:12","2.797","-","3.56"
"2024/05/21","01:18","2.614","-","3.37"
"2024/05/21","01:24","2.438","-","3.18"
"2024/05/21","01:30","2.271","-","3"
"2024/05/21","01:36","2.112","-","2.82"
"2024/05/21","01:42","1.962","-","2.64"
"2024/05/21","01:48","1.821","-","2.47"
"2024/05/21","01:54","1.688","-","2.32"
"2024/05/21","02:00","1.564","-","2.17"
"2024/05/21","02:06","1.449","-","2.02"
"2024/05/21","02:12","1.342","-","1.88"
"2024/05/21","02:18","1.243","-","1.76"
"2024/05/21","02:24","1.151","-","1.65"
"2024/05/21","02:30","1.066","-","1.54"
"2024/05/21","02:36","0.988","-","1.45"
"2024/05/21","02:42","0.915","-","1.38"
"2024/05/21","02:48","0.848","-","1.31"
"2024/05/21","02:54","0.786","-","1.24"
"2024/05/21","03:00","0.728","-","1.19"
"2024/05/21","03:06","0.674","-","1.15"
"2024/05/21","03:12","0.623","-","1.1"
"2024/05/21","03:18","0.576","-","1.06"
"2024/05/21","03:24","0.532","-","1.05"
"2024/05/21","03:30","0.491","-","1.01"
"2024/05/21","03:36","0.453","-","0.97"
"2024/05/21","03:42","0.419","-","0.95"
"2024/05/21","03:48","0.388","-","0.93"
"2024/05/21","03:54","0.361","-","0.9"
"2024/05/21","04:00","0.339","-","0.88"
"2024/05/21","04:06","0.323","-","0.86"
"2024/05/21","04:12","0.312","-","0.85"
"2024/05/21","04:18","0.308","-","0.83"
"2024/05/21","04:24","0.311","-","0.82"
"2024/05/21","04:30","0.323","-","0.83"
"2024/05/21","04:36","0.344","-","0.82"
"2024/05/21","04:42","0.375","-","0.83"
"2024/05/21","04:48","0.417","-","0.84"
"2024/05/21","04:54","0.47","-","0.89"
"2024/05/21","05:00","0.535","-","0.92"
"2024/05/21","05:06","0.613","-","0.97"
"2024/05/21","05:12","0.703","-","1.06"
"2024/05/21","05:18","0.806","-","1.15"
"2024/05/21","05:24","0.923","-","1.25"
"2024/05/21","05:30","1.052","-","1.36"
"2024/05/21","05:36","1.194","-","1.49"
"2024/05/21","05:42","1.348","-","1.65"
"2024/05/21","05:48","1.513","-","1.81"
"2024/05/21","05:54","1.69","-","2"
"2024/05/21","06:00","1.875","-","2.19"
"2024/05/21","06:06","2.07","-","2.4"
"2024/05/21","06:12","2.271","-","2.64"
"2024/05/21","06:18","2.479","-","2.88"
"2024/05/21","06:24","2.692","-","3.14"
"2024/05/21","06:30","2.908","-","3.4"
"2024/05/21","06:36","3.125","-","3.68"
"2024/05/21","06:42","3.344","-","3.94"
"2024/05/21","06:48","3.561","-","4.19"
"2024/05/21","06:54","3.775","-","4.45"
"2024/05/21","07:00","3.987","-","4.69"
"2024/05/21","07:06","4.193","-","4.93"
"2024/05/21","07:12","4.393","-","5.16"
"2024/05/21","07:18","4.587","-","5.39"
"2024/05/21","07:24","4.772","-","5.62"
"2024/05/21","07:30","4.95","-","5.82"
"2024/05/21","07:36","5.119","-","6.03"
"2024/05/21","07:42","5.278","-","6.22"
"2024/05/21","07:48","5.428","-","6.4"
"2024/05/21","07:54","5.568","-","6.57"
"2024/05/21","08:00","5.699","-","6.72"
"2024/05/21","08:06","5.821","-","6.85"
"2024/05/21","08:12","5.934","-","6.98"
"2024/05/21","08:18","6.038","-","7.09"
"2024/05/21","08:24","6.134","-","7.2"
"2024/05/21","08:30","6.222","-","7.29"
"2024/05/21","08:36","6.303","-","7.37"
"2024/05/21","08:42","6.377","-","7.43"
"2024/05/21","08:48","6.446","-","7.48"
"2024/05/21","08:54","6.508","-","7.53"
"2024/05/21","09:00","6.565","-","7.57"
"2024/05/21","09:06","6.618","-","7.59"
"2024/05/21","09:12","6.666","-","7.62"
"2024/05/21","09:18","6.709","-","7.63"
"2024/05/21","09:24","6.749","-","7.65"
"2024/05/21","09:30","6.785","-","7.65"
"2024/05/21","09:36","6.817","-","7.67"
"2024/05/21","09:42","6.845","-","7.68"
"2024/05/21","09:48","6.869","-","7.69"
"2024/05/21","09:54","6.888","-","7.69"
"2024/05/21","10:00","6.903","-","7.69"
"2024/05/21","10:06","6.913","-","7.68"
"2024/05/21","10:12","6.917","-","7.68"
"2024/05/21","10:18","6.915","-","7.67"
"2024/05/21","10:24","6.907","-","7.65"
"2024/05/21","10:30","6.891","-","7.64"
"2024/05/21","10:36","6.869","-","7.61"
"2024/05/21","10:42","6.838","-","7.58"
"2024/05/21","10:48","6.799","-","7.54"
"2024/05/21","10:54","6.751","-","7.5"
"2024/05/21","11:00","6.693","-","7.46"
"2024/05/21","11:06","6.626","-","7.41"
"2024/05/21","11:12","6.549","-","7.33"
"2024/05/21","11:18","6.463","-","7.26"
"2024/05/21","11:24","6.366","-","7.17"
"2024/05/21","11:30","6.259","-","7.07"
"2024/05/21","11:36","6.142","-","6.97"
"2024/05/21","11:42","6.015","-","6.85"
"2024/05/21","11:48","5.879","-","6.72"
"2024/05/21","11:54","5.734","-","6.6"
"2024/05/21","12:00","5.58","-","6.45"
"2024/05/21","12:06","5.419","-","6.3"
"2024/05/21","12:12","5.25","-","6.13"
"2024/05/21","12:18","5.075","-","5.96"
"2024/05/21","12:24","4.895","-","5.78"
"2024/05/21","12:30","4.71","-","5.59"
"2024/05/21","12:36","4.521","-","5.39"
"2024/05/21","12:42","4.33","-","5.21"
"2024/05/21","12:48","4.138","-","5"
"2024/05/21","12:54","3.945","-","4.79"
"2024/05/21","13:00","3.753","-","4.59"
"2024/05/21","13:06","3.563","-","4.38"
"2024/05/21","13:12","3.375","-","4.16"
"2024/05/21","13:18","3.192","-","3.95"
"2024/05/21","13:24","3.014","-","3.76"
"2024/05/21","13:30","2.841","-","3.56"
"2024/05/21","13:36","2.675","-","3.36"
"2024/05/21","13:42","2.517","-","3.17"
"2024/05/21","13:48","2.366","-","2.97"
"2024/05/21","13:54","2.224","-","2.8"
"2024/05/21","14:00","2.091","-","2.64"
"2024/05/21","14:06","1.967","-","2.47"
"2024/05/21","14:12","1.852","-","2.32"
"2024/05/21","14:18","1.747","-","2.18"
"2024/05/21","14:24","1.651","-","2.05"
"2024/05/21","14:30","1.564","-","1.93"
"2024/05/21","14:36","1.486","-","1.82"
"2024/05/21","14:42","1.416","-","1.73"
"2024/05/21","14:48","1.354","-","1.67"
"2024/05/21","14:54","1.3","-","1.6"
"2024/05/21","15:00","1.253","-","1.56"
"2024/05/21","15:06","1.212","-","1.53"
"2024/05/21","15:12","1.177","-","1.5"
"2024/05/21","15:18","1.148","-","1.49"
"2024/05/21","15:24","1.123","-","1.47"
"2024/05/21","15:30","1.102","-","1.44"
"2024/05/21","15:36","1.085","-","1.45"
"2024/05/21","15:42","1.072","-","1.44"
"2024/05/21","15:48","1.062","-","1.42"
"2024/05/21","15:54","1.056","-","1.41"
"2024/05/21","16:00","1.052","-","1.42"
"2024/05/21","16:06","1.052","-","1.42"
"2024/05/21","16:12","1.056","-","1.42"
"2024/05/21","16:18","1.063","-","1.46"
"2024/05/21","16:24","1.075","-","1.46"
"2024/05/21","16:30","1.092","-","1.49"
"2024/05/21","16:36","1.114","-","1.54"
"2024/05/21","16:42","1.143","-","1.57"
"2024/05/21","16:48","1.178","-","1.64"
"2024/05/21","16:54","1.222","-","1.68"
"2024/05/21","17:00","1.274","-","1.75"
"2024/05/21","17:06","1.335","-","1.83"
"2024/05/21","17:12","1.407","-","1.91"
"2024/05/21","17:18","1.489","-","2.01"
"2024/05/21","17:24","1.582","-","2.09"
"2024/05/21","17:30","1.687","-","2.21"
"2024/05/21","17:36","1.804","-","2.32"
"2024/05/21","17:42","1.934","-","2.45"
"2024/05/21","17:48","2.075","-","2.59"
"2024/05/21","17:54","2.228","-","2.74"
"2024/05/21","18:00","2.394","-","2.9"
"2024/05/21","18:06","2.57","-","3.08"
"2024/05/21","18:12","2.757","-","3.24"
"2024/05/21","18:18","2.953","-","3.45"
"2024/05/21","18:24","3.158","-","3.63"
"2024/05/21","18:30","3.371","-","3.85"
"2024/05/21","18:36","3.59","-","4.06"
"2024/05/21","18:42","3.814","-","4.26"
"2024/05/21","18:48","4.042","-","4.49"
"2024/05/21","18:54","4.271","-","4.7"
"2024/05/21","19:00","4.502","-","4.93"
"2024/05/21","19:06","4.731","-","5.16"
"2024/05/21","19:12","4.958","-","5.39"
"2024/05/21","19:18","5.181","-","5.6"
"2024/05/21","19:24","5.399","-","5.83"
"2024/05/21","19:30","5.611","-","6.05"
"2024/05/21","19:36","5.815","-","6.27"
"2024/05/21","19:42","6.011","-","6.47"
"2024/05/21","19:48","6.197","-","6.68"
"2024/05/21","19:54","6.373","-","6.91"
"2024/05/21","20:00","6.539","-","7.09"
"2024/05/21","20:06","6.693","-","7.29"
"2024/05/21","20:12","6.836","-","7.48"
"2024/05/21","20:18","6.969","-","7.63"
"2024/05/21","20:24","7.089","-","7.79"
"2024/05/21","20:30","7.199","-","7.92"
"2024/05/21","20:36","7.298","-","8.05"
"2024/05/21","20:42","7.387","-","8.16"
"2024/05/21","20:48","7.465","-","8.26"
"2024/05/21","20:54","7.535","-","8.35"
"2024/05/21","21:00","7.595","-","8.44"
"2024/05/21","21:06","7.648","-","8.5"
"2024/05/21","21:12","7.692","-","8.56"
"2024/05/21","21:18","7.73","-","8.61"
"2024/05/21","21:24","7.762","-","8.64"
"2024/05/21","21:30","7.787","-","8.65"
"2024/05/21","21:36","7.807","-","8.67"
"2024/05/21","21:42","7.822","-","8.68"
"2024/05/21","21:48","7.832","-","8.7"
"2024/05/21","21:54","7.838","-","8.71"
"2024/05/21","22:00","7.839","-","8.72"
"2024/05/21","22:06","7.835","-","8.72"
"2024/05/21","22:12","7.827","-","8.73"
"2024/05/21","22:18","7.814","-","8.73"
"2024/05/21","22:24","7.796","-","8.72"
"2024/05/21","22:30","7.773","-","8.7"
"2024/05/21","22:36","7.745","-","8.68"
"2024/05/21","22:42","7.71","-","8.64"
"2024/05/21","22:48","7.669","-","8.59"
"2024/05/21","22:54","7.621","-","8.53"
"2024/05/21","23:00","7.566","-","8.47"
"2024/05/21","23:06","7.503","-","8.4"
"2024/05/21","23:12","7.432","-","8.32"
"2024/05/21","23:18","7.352","-","8.23"
"2024/05/21","23:24","7.263","-","8.13"
"2024/05/21","23:30","7.164","-","8.02"
"2024/05/21","23:36","7.056","-","7.9"
"2024/05/21","23:42","6.938","-","7.75"
"2024/05/21","23:48","6.811","-","7.6"
"2024/05/21","23:54","6.673","-","7.43"
"2024/05/22","00:00","6.526","-","7.26"
"2024/05/22","00:06","6.369","-","7.07"
"2024/05/22","00:12","6.202","-","6.88"
"2024/05/22","00:18","6.027","-","6.68"
"2024/05/22","00:24","5.844","-","6.47"
"2024/05/22","00:30","5.652","-","6.26"
"2024/05/22","00:36","5.454","-","6.06"
"2024/05/22","00:42","5.249","-","5.83"
"2024/05/22","00:48","5.039","-","5.6"
"2024/05/22","00:54","4.824","-","5.36"
"2024/05/22","01:00","4.606","-","5.13"
"2024/05/22","01:06","4.385","-","4.89"
"2024/05/22","01:12","4.163","-","4.68"
"2024/05/22","01:18","3.94","-","4.45"
"2024/05/22","01:24","3.718","-","4.23"
"2024/05/22","01:30","3.499","-","4.01"
"2024/05/22","01:36","3.282","-","3.8"
"2024/05/22","01:42","3.069","-","3.59"
"2024/05/22","01:48","2.861","-","3.38"
"2024/05/22","01:54","2.659","-","3.17"
"2024/05/22","02:00","2.464","-","2.97"
"2024/05/22","02:06","2.277","-","2.78"
"2024/05/22","02:12","2.097","-","2.6"
"2024/05/22","02:18","1.927","-","2.42"
"2024/05/22","02:24","1.765","-","2.25"
"2024/05/22","02:30","1.613","-","2.08"
"2024/05/22","02:36","1.47","-","1.92"
"2024/05/22","02:42","1.337","-","1.78"
"2024/05/22","02:48","1.214","-","1.64"
"2024/05/22","02:54","1.1","-","1.52"
"2024/05/22","03:00","0.996","-","1.39"
"2024/05/22","03:06","0.9","-","1.29"
"2024/05/22","03:12","0.813","-","1.21"
"2024/05/22","03:18","0.733","-","1.14"
"2024/05/22","03:24","0.661","-","1.07"
"2024/05/22","03:30","0.596","-","1.02"
"2024/05/22","03:36","0.537","-","0.97"
"2024/05/22","03:42","0.484","-","0.95"
"2024/05/22","03:48","0.435","-","0.9"
"2024/05/22","03:54","0.392","-","0.87"
"2024/05/22","04:00","0.353","-","0.84"
"2024/05/22","04:06","0.318","-","0.8"
"2024/05/22","04:12","0.286","-","0.77"
"2024/05/22","04:18","0.259","-","0.74"
"2024/05/22","04:24","0.235","-","0.7"
"2024/05/22","04:30","0.214","-","0.66"
"2024/05/22","04:36","0.198","-","0.62"
"2024/05/22","04:42","0.186","-","0.59"
"2024/05/22","04:48","0.179","-","0.56"
"2024/05/22","04:54","0.177","-","0.55"
"2024/05/22","05:00","0.182","-","0.53"
"2024/05/22","05:06","0.193","-","0.52"
"2024/05/22","05:12","0.211","-","0.52"
"2024/05/22","05:18","0.238","-","0.54"
"2024/05/22","05:24","0.274","-","0.55"
"2024/05/22","05:30","0.32","-","0.61"
"2024/05/22","05:36","0.377","-","0.67"
"2024/05/22","05:42","0.445","-","0.73"
"2024/05/22","05:48","0.525","-","0.81"
"2024/05/22","05:54","0.617","-","0.9"
"2024/05/22","06:00","0.722","-","1.02"
"2024/05/22","06:06","0.841","-","1.17"
"2024/05/22","06:12","0.972","-","1.32"
"2024/05/22","06:18","1.116","-","1.49"
"2024/05/22","06:24","1.273","-","1.67"
"2024/05/22","06:30","1.441","-","1.86"
"2024/05/22","06:36","1.622","-","2.07"
"2024/05/22","06:42","1.813","-","2.3"
"2024/05/22","06:48","2.013","-","2.51"
"2024/05/22","06:54","2.223","-","2.75"
"2024/05/22","07:00","2.439","-","2.99"
"2024/05/22","07:06","2.661","-","3.25"
"2024/05/22","07:12","2.888","-","3.5"
"2024/05/22","07:18","3.118","-","3.75"
"2024/05/22","07:24","3.35","-","4"
"2024/05/22","07:30","3.581","-","4.25"
"2024/05/22","07:36","3.811","-","4.5"
"2024/05/22","07:42","4.038","-","4.73"
"2024/05/22","07:48","4.26","-","4.96"
"2024/05/22","07:54","4.477","-","5.19"
"2024/05/22","08:00","4.687","-","5.4"
"2024/05/22","08:06","4.889","-","5.6"
"2024/05/22","08:12","5.082","-","5.81"
"2024/05/22","08:18","5.266","-","6"
"2024/05/22","08:24","5.439","-","6.19"
"2024/05/22","08:30","5.602","-","6.38"
"2024/05/22","08:36","5.754","-","6.55"
"2024/05/22","08:42","5.895","-","6.69"
"2024/05/22","08:48","6.025","-","6.84"
"2024/05/22","08:54","6.144","-","6.97"
"2024/05/22","09:00","6.253","-","7.09"
"2024/05/22","09:06","6.351","-","7.2"
"2024/05/22","09:12","6.44","-","7.31"
"2024/05/22","09:18","6.52","-","7.39"
"2024/05/22","09:24","6.591","-","7.46"
"2024/05/22","09:30","6.654","-","7.52"
"2024/05/22","09:36","6.71","-","7.56"
"2024/05/22","09:42","6.76","-","7.6"
"2024/05/22","09:48","6.803","-","7.61"
"2024/05/22","09:54","6.841","-","7.64"
"2024/05/22","10:00","6.873","-","7.65"
"2024/05/22","10:06","6.901","-","7.66"
"2024/05/22","10:12","6.924","-","7.68"
"2024/05/22","10:18","6.944","-","7.68"
"2024/05/22","10:24","6.959","-","7.71"
"2024/05/22","10:30","6.97","-","7.71"
"2024/05/22","10:36","6.977","-","7.73"
"2024/05/22","10:42","6.98","-","7.74"
"2024/05/22","10:48","6.979","-","7.75"
"2024/05/22","10:54","6.973","-","7.72"
"2024/05/22","11:00","6.961","-","7.7"
"2024/05/22","11:06","6.945","-","7.67"
"2024/05/22","11:12","6.922","-","7.66"
"2024/05/22","11:18","6.893","-","7.64"
"2024/05/22","11:24","6.857","-","7.61"
"2024/05/22","11:30","6.814","-","7.58"
"2024/05/22","11:36","6.763","-","7.54"
"2024/05/22","11:42","6.704","-","7.51"
"2024/05/22","11:48","6.636","-","7.45"
"2024/05/22","11:54","6.559","-","7.38"
"2024/05/22","12:00","6.473","-","7.29"
"2024/05/22","12:06","6.377","-","7.21"
"2024/05/22","12:12","6.272","-","7.11"
"2024/05/22","12:18","6.157","-","7.01"
"2024/05/22","12:24","6.033","-","6.87"
"2024/05/22","12:30","5.899","-","6.72"
"2024/05/22","12:36","5.756","-","6.55"
"2024/05/22","12:42","5.604","-","6.39"
"2024/05/22","12:48","5.444","-","6.2"
"2024/05/22","12:54","5.277","-","6.02"
"2024/05/22","13:00","5.102","-","5.82"
"2024/05/22","13:06","4.921","-","5.59"
"2024/05/22","13:12","4.736","-","5.38"
"2024/05/22","13:18","4.545","-","5.17"
"2024/05/22","13:24","4.351","-","4.95"
"2024/05/22","13:30","4.155","-","4.71"
"2024/05/22","13:36","3.958","-","4.49"
"2024/05/22","13:42","3.761","-","4.27"
"2024/05/22","13:48","3.564","-","4.06"
"2024/05/22","13:54","3.37","-","3.84"
"2024/05/22","14:00","3.179","-","3.63"
"2024/05/22","14:06","2.992","-","3.42"
"2024/05/22","14:12","2.811","-","3.22"
"2024/05/22","14:18","2.636","-","3.02"
"2024/05/22","14:24","2.467","-","2.83"
"2024/05/22","14:30","2.307","-","2.65"
"2024/05/22","14:36","2.156","-","2.49"
"2024/05/22","14:42","2.013","-","2.33"
"2024/05/22","14:48","1.88","-","2.17"
"2024/05/22","14:54","1.757","-","2.03"
"2024/05/22","15:00","1.644","-","1.9"
"2024/05/22","15:06","1.541","-","1.76"
"2024/05/22","15:12","1.448","-","1.66"
"2024/05/22","15:18","1.365","-","1.56"
"2024/05/22","15:24","1.292","-","1.46"
"2024/05/22","15:30","1.228","-","1.37"
"2024/05/22","15:36","1.173","-","1.31"
"2024/05/22","15:42","1.126","-","1.28"
"2024/05/22","15:48","1.087","-","1.23"
"2024/05/22","15:54","1.056","-","1.21"
"2024/05/22","16:00","1.031","-","1.19"
"2024/05/22","16:06","1.012","-","1.17"
"2024/05/22","16:12","0.998","-","1.16"
"2024/05/22","16:18","0.99","-","1.16"
"2024/05/22","16:24","0.986","-","1.15"
"2024/05/22","16:30","0.986","-","1.11"
"2024/05/22","16:36","0.99","-","1.1"
"2024/05/22","16:42","0.997","-","1.09"
"2024/05/22","16:48","1.008","-","1.09"
"2024/05/22","16:54","1.023","-","1.08"
"2024/05/22","17:00","1.042","-","1.08"
"2024/05/22","17:06","1.065","-","1.08"
"2024/05/22","17:12","1.092","-","1.09"
"2024/05/22","17:18","1.124","-","1.12"
"2024/05/22","17:24","1.162","-","1.16"
"2024/05/22","17:30","1.206","-","1.22"
"2024/05/22","17:36","1.258","-","1.28"
"2024/05/22","17:42","1.316","-","1.36"
"2024/05/22","17:48","1.384","-","1.45"
"2024/05/22","17:54","1.46","-","1.55"
"2024/05/22","18:00","1.546","-","1.66"
"2024/05/22","18:06","1.643","-","1.78"
"2024/05/22","18:12","1.75","-","1.91"
"2024/05/22","18:18","1.87","-","2.06"
"2024/05/22","18:24","2.001","-","2.23"
"2024/05/22","18:30","2.143","-","2.38"
"2024/05/22","18:36","2.298","-","2.55"
"2024/05/22","18:42","2.465","-","2.73"
"2024/05/22","18:48","2.642","-","2.91"
"2024/05/22","18:54","2.831","-","3.13"
"2024/05/22","19:00","3.03","-","3.32"
"2024/05/22","19:06","3.238","-","3.53"
"2024/05/22","19:12","3.455","-","3.75"
"2024/05/22","19:18","3.678","-","3.97"
"2024/05/22","19:24","3.908","-","4.2"
"2024/05/22","19:30","4.142","-","4.45"
"2024/05/22","19:36","4.379","-","4.68"
"2024/05/22","19:42","4.617","-","4.92"
"2024/05/22","19:48","4.855","-","5.17"
"2024/05/22","19:54","5.091","-","5.42"
"2024/05/22","20:00","5.324","-","5.64"
"2024/05/22","20:06","5.553","-","5.87"
"2024/05/22","20:12","5.775","-","6.09"
"2024/05/22","20:18","5.989","-","6.32"
"2024/05/22","20:24","6.195","-","6.53"
"2024/05/22","20:30","6.391","-","6.74"
"2024/05/22","20:36","6.577","-","6.94"
"2024/05/22","20:42","6.751","-","7.13"
"2024/05/22","20:48","6.913","-","7.31"
"2024/05/22","20:54","7.062","-","7.48"
"2024/05/22","21:00","7.199","-","7.62"
"2024/05/22","21:06","7.323","-","7.77"
"2024/05/22","21:12","7.434","-","7.9"
"2024/05/22","21:18","7.533","-","8.01"
"2024/05/22","21:24","7.62","-","8.1"
"2024/05/22","21:30","7.695","-","8.19"
"2024/05/22","21:36","7.759","-","8.26"
"2024/05/22","21:42","7.812","-","8.32"
"2024/05/22","21:48","7.855","-","8.36"
"2024/05/22","21:54","7.89","-","8.4"
"2024/05/22","22:00","7.916","-","8.43"
"2024/05/22","22:06","7.934","-","8.46"
"2024/05/22","22:12","7.945","-","8.46"
"2024/05/22","22:18","7.949","-","8.47"
"2024/05/22","22:24","7.948","-","8.48"
"2024/05/22","22:30","7.941","-","8.49"
"2024/05/22","22:36","7.93","-","8.5"
"2024/05/22","22:42","7.913","-","8.51"
"2024/05/22","22:48","7.893","-","8.52"
"2024/05/22","22:54","7.868","-","8.53"
"2024/05/22","23:00","7.838","-","8.54"
"2024/05/22","23:06","7.805","-","8.55"
"2024/05/22","23:12","7.767","-","8.55"
"2024/05/22","23:18","7.724","-","8.53"
"2024/05/22","23:24","7.677","-","8.51"
"2024/05/22","23:30","7.624","-","8.48"
"2024/05/22","23:36","7.565","-","8.43"
"2024/05/22","23:42","7.501","-","8.39"
"2024/05/22","23:48","7.43","-","8.32"
"2024/05/22","23:54","7.351","-","8.26"
"2024/05/23","00:00","7.265","-","8.17"
"2024/05/23","00:06","7.172","-","8.06"
"2024/05/23","00:12","7.07","-","7.95"
"2024/05/23","00:18","6.959","-","7.83"
"2024/05/23","00:24","6.84","-","7.67"
"2024/05/23","00:30","6.711","-","7.52"
"2024/05/23","00:36","6.573","-","7.34"
"2024/05/23","00:42","6.426","-","7.14"
"2024/05/23","00:48","6.27","-","6.95"
"2024/05/23","00:54","6.105","-","6.74"
"2024/05/23","01:00","5.931","-","6.54"
"2024/05/23","01:06","5.748","-","6.32"
"2024/05/23","01:12","5.558","-","6.09"
"2024/05/23","01:18","5.361","-","5.87"
"2024/05/23","01:24","5.156","-","5.64"
"2024/05/23","01:30","4.946","-","5.41"
"2024/05/23","01:36","4.731","-","5.16"
"2024/05/23","01:42","4.512","-","4.92"
"2024/05/23","01:48","4.29","-","4.67"
"2024/05/23","01:54","4.065","-","4.43"
"2024/05/23","02:00","3.84","-","4.2"
"2024/05/23","02:06","3.614","-","3.97"
"2024/05/23","02:12","3.39","-","3.73"
"2024/05/23","02:18","3.168","-","3.53"
"2024/05/23","02:24","2.95","-","3.3"
"2024/05/23","02:30","2.736","-","3.1"
"2024/05/23","02:36","2.527","-","2.89"
"2024/05/23","02:42","2.325","-","2.69"
"2024/05/23","02:48","2.13","-","2.5"
"2024/05/23","02:54","1.943","-","2.31"
"2024/05/23","03:00","1.764","-","2.14"
"2024/05/23","03:06","1.595","-","1.96"
"2024/05/23","03:12","1.436","-","1.82"
"2024/05/23","03:18","1.287","-","1.68"
"2024/05/23","03:24","1.148","-","1.54"
"2024/05/23","03:30","1.019","-","1.42"
"2024/05/23","03:36","0.9","-","1.31"
"2024/05/23","03:42","0.792","-","1.21"
"2024/05/23","03:48","0.694","-","1.11"
"2024/05/23","03:54","0.605","-","1.03"
"2024/05/23","04:00","0.525","-","0.96"
"2024/05/23","04:06","0.454","-","0.9"
"2024/05/23","04:12","0.391","-","0.87"
"2024/05/23","04:18","0.336","-","0.82"
"2024/05/23","04:24","0.287","-","0.8"
"2024/05/23","04:30","0.245","-","0.77"
"2024/05/23","04:36","0.209","-","0.75"
"2024/05/23","04:42","0.178","-","0.72"
"2024/05/23","04:48","0.152","-","0.69"
"2024/05/23","04:54","0.13","-","0.64"
"2024/05/23","05:00","0.113","-","0.59"
"2024/05/23","05:06","0.1","-","0.55"
"2024/05/23","05:12","0.091","-","0.52"
"2024/05/23","05:18","0.086","-","0.48"
"2024/05/23","05:24","0.085","-","0.42"
"2024/05/23","05:30","0.09","-","0.39"
"2024/05/23","05:36","0.099","-","0.35"
"2024/05/23","05:42","0.113","-","0.33"
"2024/05/23","05:48","0.134","-","0.32"
"2024/05/23","05:54","0.162","-","0.32"
"2024/05/23","06:00","0.197","-","0.32"
"2024/05/23","06:06","0.24","-","0.34"
"2024/05/23","06:12","0.293","-","0.37"
"2024/05/23","06:18","0.355","-","0.42"
"2024/05/23","06:24","0.428","-","0.49"
"2024/05/23","06:30","0.512","-","0.56"
"2024/05/23","06:36","0.608","-","0.64"
"2024/05/23","06:42","0.716","-","0.75"
"2024/05/23","06:48","0.836","-","0.89"
"2024/05/23","06:54","0.969","-","1.04"
"2024/05/23","07:00","1.115","-","1.2"
"2024/05/23","07:06","1.274","-","1.39"
"2024/05/23","07:12","1.445","-","1.59"
"2024/05/23","07:18","1.627","-","1.82"
"2024/05/23","07:24","1.821","-","2.06"
"2024/05/23","07:30","2.025","-","2.31"
"2024/05/23","07:36","2.238","-","2.58"
"2024/05/23","07:42","2.459","-","2.85"
"2024/05/23","07:48","2.687","-","3.15"
"2024/05/23","07:54","2.92","-","3.42"
"2024/05/23","08:00","3.157","-","3.68"
"2024/05/23","08:06","3.397","-","3.94"
"2024/05/23","08:12","3.637","-","4.22"
"2024/05/23","08:18","3.876","-","4.49"
"2024/05/23","08:24","4.113","-","4.74"
"2024/05/23","08:30","4.346","-","5"
"2024/05/23","08:36","4.573","-","5.24"
"2024/05/23","08:42","4.794","-","5.48"
"2024/05/23","08:48","5.007","-","5.71"
"2024/05/23","08:54","5.211","-","5.95"
"2024/05/23","09:00","5.405","-","6.15"
"2024/05/23","09:06","5.588","-","6.34"
"2024/05/23","09:12","5.76","-","6.5"
"2024/05/23","09:18","5.92","-","6.66"
"2024/05/23","09:24","6.068","-","6.81"
"2024/05/23","09:30","6.203","-","6.94"
"2024/05/23","09:36","6.327","-","7.04"
"2024/05/23","09:42","6.438","-","7.19"
"2024/05/23","09:48","6.538","-","7.27"
"2024/05/23","09:54","6.626","-","7.33"
"2024/05/23","10:00","6.704","-","7.38"
"2024/05/23","10:06","6.772","-","7.44"
"2024/05/23","10:12","6.83","-","7.46"
"2024/05/23","10:18","6.88","-","7.48"
"2024/05/23","10:24","6.921","-","7.5"
"2024/05/23","10:30","6.956","-","7.52"
"2024/05/23","10:36","6.983","-","7.53"
"2024/05/23","10:42","7.005","-","7.55"
"2024/05/23","10:48","7.021","-","7.57"
"2024/05/23","10:54","7.032","-","7.58"
"2024/05/23","11:00","7.039","-","7.6"
"2024/05/23","11:06","7.041","-","7.64"
"2024/05/23","11:12","7.039","-","7.69"
"2024/05/23","11:18","7.034","-","7.74"
"2024/05/23","11:24","7.025","-","7.76"
"2024/05/23","11:30","7.011","-","7.77"
"2024/05/23","11:36","6.994","-","7.76"
"2024/05/23","11:42","6.972","-","7.73"
"2024/05/23","11:48","6.946","-","7.73"
"2024/05/23","11:54","6.915","-","7.69"
"2024/05/23","12:00","6.878","-","7.67"
"2024/05/23","12:06","6.836","-","7.67"
"2024/05/23","12:12","6.787","-","7.67"
"2024/05/23","12:18","6.732","-","7.66"
"2024/05/23","12:24","6.669","-","7.64"
"2024/05/23","12:30","6.599","-","7.61"
"2024/05/23","12:36","6.521","-","7.56"
"2024/05/23","12:42","6.434","-","7.5"
"2024/05/23","12:48","6.339","-","7.43"
"2024/05/23","12:54","6.234","-","7.34"
"2024/05/23","13:00","6.121","-","7.22"
"2024/05/23","13:06","5.999","-","7.09"
"2024/05/23","13:12","5.868","-","6.95"
"2024/05/23","13:18","5.728","-","6.79"
"2024/05/23","13:24","5.579","-","6.6"
"2024/05/23","13:30","5.422","-","6.41"
"2024/05/23","13:36","5.258","-","6.2"
"2024/05/23","13:42","5.086","-","5.96"
"2024/05/23","13:48","4.908","-","5.71"
"2024/05/23","13:54","4.724","-","5.45"
"2024/05/23","14:00","4.535","-","5.2"
"2024/05/23","14:06","4.342","-","4.93"
"2024/05/23","14:12","4.146","-","4.65"
"2024/05/23","14:18","3.949","-","4.38"
"2024/05/23","14:24","3.75","-","4.1"
"2024/05/23","14:30","3.552","-","3.83"
"2024/05/23","14:36","3.355","-","3.55"
"2024/05/23","14:42","3.16","-","3.3"
"2024/05/23","14:48","2.969","-","3.07"
"2024/05/23","14:54","2.783","-","2.84"
"2024/05/23","15:00","2.603","-","2.63"
"2024/05/23","15:06","2.429","-","2.46"
"2024/05/23","15:12","2.262","-","2.29"
"2024/05/23","15:18","2.104","-","2.15"
"2024/05/23","15:24","1.955","-","2.01"
"2024/05/23","15:30","1.815","-","1.88"
"2024/05/23","15:36","1.685","-","1.74"
"2024/05/23","15:42","1.566","-","1.63"
"2024/05/23","15:48","1.457","-","1.52"
"2024/05/23","15:54","1.359","-","1.43"
"2024/05/23","16:00","1.271","-","1.34"
"2024/05/23","16:06","1.194","-","1.27"
"2024/05/23","16:12","1.127","-","1.19"
"2024/05/23","16:18","1.07","-","1.13"
"2024/05/23","16:24","1.023","-","1.08"
"2024/05/23","16:30","0.985","-","1.03"
"2024/05/23","16:36","0.955","-","0.97"
"2024/05/23","16:42","0.933","-","0.93"
"2024/05/23","16:48","0.918","-","0.9"
"2024/05/23","16:54","0.91","-","0.85"
"2024/05/23","17:00","0.908","-","0.82"
"2024/05/23","17:06","0.911","-","0.79"
"2024/05/23","17:12","0.92","-","0.79"
"2024/05/23","17:18","0.933","-","0.8"
"2024/05/23","17:24","0.951","-","0.8"
"2024/05/23","17:30","0.972","-","0.82"
"2024/05/23","17:36","0.998","-","0.87"
"2024/05/23","17:42","1.028","-","0.91"
"2024/05/23","17:48","1.062","-","0.98"
"2024/05/23","17:54","1.1","-","1.05"
"2024/05/23","18:00","1.143","-","1.13"
"2024/05/23","18:06","1.192","-","1.2"
"2024/05/23","18:12","1.245","-","1.3"
"2024/05/23","18:18","1.305","-","1.39"
"2024/05/23","18:24","1.372","-","1.48"
"2024/05/23","18:30","1.447","-","1.58"
"2024/05/23","18:36","1.529","-","1.67"
"2024/05/23","18:42","1.621","-","1.79"
"2024/05/23","18:48","1.722","-","1.93"
"2024/05/23","18:54","1.833","-","2.05"
"2024/05/23","19:00","1.955","-","2.19"
"2024/05/23","19:06","2.087","-","2.34"
"2024/05/23","19:12","2.231","-","2.5"
"2024/05/23","19:18","2.386","-","2.67"
"2024/05/23","19:24","2.553","-","2.84"
"2024/05/23","19:30","2.73","-","3.02"
"2024/05/23","19:36","2.919","-","3.22"
"2024/05/23","19:42","3.117","-","3.42"
"2024/05/23","19:48","3.325","-","3.64"
"2024/05/23","19:54","3.542","-","3.86"
"2024/05/23","20:00","3.766","-","4.09"
"2024/05/23","20:06","3.996","-","4.33"
"2024/05/23","20:12","4.232","-","4.57"
"2024/05/23","20:18","4.471","-","4.83"
"2024/05/23","20:24","4.712","-","5.09"
"2024/05/23","20:30","4.954","-","5.33"
"2024/05/23","20:36","5.194","-","5.58"
"2024/05/23","20:42","5.432","-","5.83"
"2024/05/23","20:48","5.666","-","6.07"
"2024/05/23","20:54","5.894","-","6.31"
"2024/05/23","21:00","6.115","-","6.55"
"2024/05/23","21:06","6.328","-","6.77"
"2024/05/23","21:12","6.531","-","6.99"
"2024/05/23","21:18","6.723","-","7.18"
"2024/05/23","21:24","6.903","-","7.37"
"2024/05/23","21:30","7.071","-","7.55"
"2024/05/23","21:36","7.225","-","7.71"
"2024/05/23","21:42","7.367","-","7.87"
"2024/05/23","21:48","7.494","-","8.01"
"2024/05/23","21:54","7.608","-","8.14"
"2024/05/23","22:00","7.708","-","8.27"
"2024/05/23","22:06","7.795","-","8.38"
"2024/05/23","22:12","7.868","-","8.47"
"2024/05/23","22:18","7.929","-","8.54"
"2024/05/23","22:24","7.978","-","8.6"
"2024/05/23","22:30","8.016","-","8.65"
"2024/05/23","22:36","8.043","-","8.68"
"2024/05/23","22:42","8.06","-","8.71"
"2024/05/23","22:48","8.069","-","8.74"
"2024/05/23","22:54","8.069","-","8.76"
"2024/05/23","23:00","8.061","-","8.78"
"2024/05/23","23:06","8.047","-","8.8"
"2024/05/23","23:12","8.027","-","8.82"
"2024/05/23","23:18","8.001","-","8.84"
"2024/05/23","23:24","7.97","-","8.85"
"2024/05/23","23:30","7.935","-","8.86"
"2024/05/23","23:36","7.895","-","8.87"
"2024/05/23","23:42","7.851","-","8.86"
"2024/05/23","23:48","7.804","-","8.85"
"2024/05/23","23:54","7.752","-","8.85"
"2024/05/24","00:00","7.696","-","8.82"
"2024/05/24","00:06","7.636","-","8.79"
"2024/05/24","00:12","7.572","-","8.75"
"2024/05/24","00:18","7.503","-","8.69"
"2024/05/24","00:24","7.428","-","8.62"
"2024/05/24","00:30","7.349","-","8.53"
"2024/05/24","00:36","7.263","-","8.43"
"2024/05/24","00:42","7.171","-","8.32"
"2024/05/24","00:48","7.072","-","8.19"
"2024/05/24","00:54","6.967","-","8.04"
"2024/05/24","01:00","6.853","-","7.89"
"2024/05/24","01:06","6.732","-","7.72"
"2024/05/24","01:12","6.603","-","7.54"
"2024/05/24","01:18","6.466","-","7.35"
"2024/05/24","01:24","6.32","-","7.15"
"2024/05/24","01:30","6.165","-","6.94"
"2024/05/24","01:36","6.003","-","6.73"
"2024/05/24","01:42","5.832","-","6.5"
"2024/05/24","01:48","5.653","-","6.28"
"2024/05/24","01:54","5.466","-","6.05"
"2024/05/24","02:00","5.272","-","5.82"
"2024/05/24","02:06","5.072","-","5.6"
"2024/05/24","02:12","4.865","-","5.37"
"2024/05/24","02:18","4.654","-","5.12"
"2024/05/24","02:24","4.437","-","4.9"
"2024/05/24","02:30","4.218","-","4.67"
"2024/05/24","02:36","3.995","-","4.46"
"2024/05/24","02:42","3.771","-","4.24"
"2024/05/24","02:48","3.546","-","4.01"
"2024/05/24","02:54","3.322","-","3.79"
"2024/05/24","03:00","3.099","-","3.58"
"2024/05/24","03:06","2.879","-","3.37"
"2024/05/24","03:12","2.663","-","3.17"
"2024/05/24","03:18","2.451","-","2.97"
"2024/05/24","03:24","2.245","-","2.79"
"2024/05/24","03:30","2.046","-","2.61"
"2024/05/24","03:36","1.854","-","2.43"
"2024/05/24","03:42","1.671","-","2.26"
"2024/05/24","03:48","1.496","-","2.1"
"2024/05/24","03:54","1.331","-","1.95"
"2024/05/24","04:00","1.176","-","1.81"
"2024/05/24","04:06","1.032","-","1.68"
"2024/05/24","04:12","0.898","-","1.56"
"2024/05/24","04:18","0.774","-","1.44"
"2024/05/24","04:24","0.662","-","1.33"
"2024/05/24","04:30","0.56","-","1.24"
"2024/05/24","04:36","0.468","-","1.16"
"2024/05/24","04:42","0.387","-","1.09"
"2024/05/24","04:48","0.315","-","1.02"
"2024/05/24","04:54","0.252","-","0.96"
"2024/05/24","05:00","0.198","-","0.91"
"2024/05/24","05:06","0.153","-","0.86"
"2024/05/24","05:12","0.115","-","0.8"
"2024/05/24","05:18","0.084","-","0.75"
"2024/05/24","05:24","0.059","-","0.69"
"2024/05/24","05:30","0.04","-","0.62"
"2024/05/24","05:36","0.027","-","0.55"
"2024/05/24","05:42","0.019","-","0.48"
"2024/05/24","05:48","0.016","-","0.41"
"2024/05/24","05:54","0.018","-","0.34"
"2024/05/24","06:00","0.024","-","0.27"
"2024/05/24","06:06","0.034","-","0.2"
"2024/05/24","06:12","0.049","-","0.14"
"2024/05/24","06:18","0.069","-","0.1"
"2024/05/24","06:24","0.095","-","0.06"
"2024/05/24","06:30","0.126","-","0.02"
"2024/05/24","06:36","0.163","-","0.01"
"2024/05/24","06:42","0.207","-","0.02"
"2024/05/24","06:48","0.258","-","0.05"
"2024/05/24","06:54","0.317","-","0.1"
"2024/05/24","07:00","0.385","-","0.17"
"2024/05/24","07:06","0.463","-","0.27"
"2024/05/24","07:12","0.55","-","0.39"
"2024/05/24","07:18","0.648","-","0.53"
"2024/05/24","07:24","0.758","-","0.68"
"2024/05/24","07:30","0.879","-","0.86"
"2024/05/24","07:36","1.012","-","1.05"
"2024/05/24","07:42","1.157","-","1.26"
"2024/05/24","07:48","1.314","-","1.48"
"2024/05/24","07:54","1.482","-","1.72"
"2024/05/24","08:00","1.663","-","1.98"
"2024/05/24","08:06","1.854","-","2.24"
"2024/05/24","08:12","2.056","-","2.5"
"2024/05/24","08:18","2.267","-","2.78"
"2024/05/24","08:24","2.486","-","3.06"
"2024/05/24","08:30","2.713","-","3.34"
"2024/05/24","08:36","2.946","-","3.63"
"2024/05/24","08:42","3.184","-","3.9"
"2024/05/24","08:48","3.424","-","4.18"
"2024/05/24","08:54","3.667","-","4.45"
"2024/05/24","09:00","3.909","-","4.71"
"2024/05/24","09:06","4.15","-","4.97"
"2024/05/24","09:12","4.388","-","5.22"
"2024/05/24","09:18","4.621","-","5.46"
"2024/05/24","09:24","4.848","-","5.69"
"2024/05/24","09:30","5.068","-","5.9"
"2024/05/24","09:36","5.279","-","6.11"
"2024/05/24","09:42","5.48","-","6.3"
"2024/05/24","09:48","5.67","-","6.48"
"2024/05/24","09:54","5.849","-","6.65"
"2024/05/24","10:00","6.016","-","6.8"
"2024/05/24","10:06","6.171","-","6.94"
"2024/05/24","10:12","6.312","-","7.07"
"2024/05/24","10:18","6.441","-","7.18"
"2024/05/24","10:24","6.557","-","7.29"
"2024/05/24","10:30","6.66","-","7.39"
"2024/05/24","10:36","6.75","-","7.47"
"2024/05/24","10:42","6.829","-","7.54"
"2024/05/24","10:48","6.896","-","7.61"
"2024/05/24","10:54","6.953","-","7.66"
"2024/05/24","11:00","6.999","-","7.71"
"2024/05/24","11:06","7.036","-","7.74"
"2024/05/24","11:12","7.065","-","7.77"
"2024/05/24","11:18","7.086","-","7.79"
"2024/05/24","11:24","7.099","-","7.81"
"2024/05/24","11:30","7.107","-","7.84"
"2024/05/24","11:36","7.108","-","7.86"
"2024/05/24","11:42","7.104","-","7.88"
"2024/05/24","11:48","7.096","-","7.9"
"2024/05/24","11:54","7.083","-","7.92"
"2024/05/24","12:00","7.066","-","7.94"
"2024/05/24","12:06","7.046","-","7.94"
"2024/05/24","12:12","7.021","-","7.94"
"2024/05/24","12:18","6.993","-","7.95"
"2024/05/24","12:24","6.961","-","7.94"
"2024/05/24","12:30","6.925","-","7.93"
"2024/05/24","12:36","6.885","-","7.91"
"2024/05/24","12:42","6.84","-","7.89"
"2024/05/24","12:48","6.79","-","7.86"
"2024/05/24","12:54","6.736","-","7.83"
"2024/05/24","13:00","6.675","-","7.78"
"2024/05/24","13:06","6.609","-","7.74"
"2024/05/24","13:12","6.535","-","7.68"
"2024/05/24","13:18","6.455","-","7.61"
"2024/05/24","13:24","6.368","-","7.53"
"2024/05/24","13:30","6.273","-","7.43"
"2024/05/24","13:36","6.17","-","7.31"
"2024/05/24","13:42","6.059","-","7.17"
"2024/05/24","13:48","5.94","-","7"
"2024/05/24","13:54","5.813","-","6.84"
"2024/05/24","14:00","5.677","-","6.65"
"2024/05/24","14:06","5.533","-","6.44"
"2024/05/24","14:12","5.382","-","6.24"
"2024/05/24","14:18","5.223","-","6.02"
"2024/05/24","14:24","5.056","-","5.79"
"2024/05/24","14:30","4.884","-","5.55"
"2024/05/24","14:36","4.705","-","5.32"
"2024/05/24","14:42","4.521","-","5.09"
"2024/05/24","14:48","4.333","-","4.85"
"2024/05/24","14:54","4.141","-","4.62"
"2024/05/24","15:00","3.947","-","4.39"
"2024/05/24","15:06","3.751","-","4.16"
"2024/05/24","15:12","3.554","-","3.92"
"2024/05/24","15:18","3.358","-","3.71"
"2024/05/24","15:24","3.163","-","3.49"
"2024/05/24","15:30","2.971","-","3.28"
"2024/05/24","15:36","2.783","-","3.09"
"2024/05/24","15:42","2.6","-","2.9"
"2024/05/24","15:48","2.422","-","2.72"
"2024/05/24","15:54","2.251","-","2.56"
"2024/05/24","16:00","2.088","-","2.38"
"2024/05/24","16:06","1.933","-","2.23"
"2024/05/24","16:12","1.787","-","2.08"
"2024/05/24","16:18","1.651","-","1.96"
"2024/05/24","16:24","1.525","-","1.82"
"2024/05/24","16:30","1.409","-","1.72"
"2024/05/24","16:36","1.305","-","1.63"
"2024/05/24","16:42","1.211","-","1.53"
"2024/05/24","16:48","1.128","-","1.48"
"2024/05/24","16:54","1.057","-","1.42"
"2024/05/24","17:00","0.996","-","1.37"
"2024/05/24","17:06","0.945","-","1.36"
"2024/05/24","17:12","0.904","-","1.33"
"2024/05/24","17:18","0.873","-","1.31"
"2024/05/24","17:24","0.851","-","1.29"
"2024/05/24","17:30","0.838","-","1.29"
"2024/05/24","17:36","0.833","-","1.28"
"2024/05/24","17:42","0.835","-","1.26"
"2024/05/24","17:48","0.843","-","1.24"
"2024/05/24","17:54","0.858","-","1.23"
"2024/05/24","18:00","0.879","-","1.21"
"2024/05/24","18:06","0.905","-","1.22"
"2024/05/24","18:12","0.936","-","1.23"
"2024/05/24","18:18","0.971","-","1.22"
"2024/05/24","18:24","1.011","-","1.21"
"2024/05/24","18:30","1.055","-","1.23"
"2024/05/24","18:36","1.104","-","1.24"
"2024/05/24","18:42","1.157","-","1.3"
"2024/05/24","18:48","1.215","-","1.35"
"2024/05/24","18:54","1.278","-","1.4"
"2024/05/24","19:00","1.346","-","1.47"
"2024/05/24","19:06","1.421","-","1.57"
"2024/05/24","19:12","1.502","-","1.66"
"2024/05/24","19:18","1.59","-","1.75"
"2024/05/24","19:24","1.686","-","1.86"
"2024/05/24","19:30","1.79","-","1.97"
"2024/05/24","19:36","1.903","-","2.09"
"2024/05/24","19:42","2.025","-","2.22"
"2024/05/24","19:48","2.157","-","2.37"
"2024/05/24","19:54","2.299","-","2.54"
"2024/05/24","20:00","2.451","-","2.71"
"2024/05/24","20:06","2.614","-","2.89"
"2024/05/24","20:12","2.788","-","3.09"
"2024/05/24","20:18","2.971","-","3.29"
"2024/05/24","20:24","3.165","-","3.52"
"2024/05/24","20:30","3.368","-","3.74"
"2024/05/24","20:36","3.579","-","3.97"
"2024/05/24","20:42","3.798","-","4.2"
"2024/05/24","20:48","4.025","-","4.45"
"2024/05/24","20:54","4.256","-","4.69"
"2024/05/24","21:00","4.492","-","4.93"
"2024/05/24","21:06","4.731","-","5.18"
"2024/05/24","21:12","4.972","-","5.44"
"2024/05/24","21:18","5.213","-","5.68"
"2024/05/24","21:24","5.452","-","5.92"
"2024/05/24","21:30","5.688","-","6.15"
"2024/05/24","21:36","5.919","-","6.38"
"2024/05/24","21:42","6.144","-","6.59"
"2024/05/24","21:48","6.362","-","6.8"
"2024/05/24","21:54","6.57","-","6.99"
"2024/05/24","22:00","6.769","-","7.18"
"2024/05/24","22:06","6.956","-","7.35"
"2024/05/24","22:12","7.131","-","7.53"
"2024/05/24","22:18","7.293","-","7.69"
"2024/05/24","22:24","7.442","-","7.84"
"2024/05/24","22:30","7.576","-","7.99"
"2024/05/24","22:36","7.697","-","8.13"
"2024/05/24","22:42","7.803","-","8.26"
"2024/05/24","22:48","7.894","-","8.37"
"2024/05/24","22:54","7.972","-","8.47"
"2024/05/24","23:00","8.036","-","8.57"
"2024/05/24","23:06","8.087","-","8.64"
"2024/05/24","23:12","8.125","-","8.69"
"2024/05/24","23:18","8.152","-","8.74"
"2024/05/24","23:24","8.167","-","8.78"
"2024/05/24","23:30","8.172","-","8.82"
"2024/05/24","23:36","8.168","-","8.84"
"2024/05/24","23:42","8.155","-","8.87"
"2024/05/24","23:48","8.133","-","8.85"
"2024/05/24","23:54","8.105","-","8.86"
"2024/05/25","00:00","8.07","-","8.86"
"2024/05/25","00:06","8.03","-","8.85"
"2024/05/25","00:12","7.984","-","8.82"
"2024/05/25","00:18","7.933","-","8.82"
"2024/05/25","00:24","7.879","-","8.8"
"2024/05/25","00:30","7.82","-","8.78"
"2024/05/25","00:36","7.757","-","8.75"
"2024/05/25","00:42","7.69","-","8.71"
"2024/05/25","00:48","7.62","-","8.68"
"2024/05/25","00:54","7.546","-","8.63"
"2024/05/25","01:00","7.468","-","8.57"
"2024/05/25","01:06","7.385","-","8.51"
"2024/05/25","01:12","7.298","-","8.43"
"2024/05/25","01:18","7.207","-","8.35"
"2024/05/25","01:24","7.11","-","8.26"
"2024/05/25","01:30","7.007","-","8.14"
"2024/05/25","01:36","6.899","-","8.02"
"2024/05/25","01:42","6.784","-","7.88"
"2024/05/25","01:48","6.663","-","7.73"
"2024/05/25","01:54","6.535","-","7.57"
"2024/05/25","02:00","6.399","-","7.4"
"2024/05/25","02:06","6.257","-","7.21"
"2024/05/25","02:12","6.106","-","7"
"2024/05/25","02:18","5.948","-","6.79"
"2024/05/25","02:24","5.783","-","6.57"
"2024/05/25","02:30","5.61","-","6.35"
"2024/05/25","02:36","5.43","-","6.11"
"2024/05/25","02:42","5.242","-","5.87"
"2024/05/25","02:48","5.049","-","5.62"
"2024/05/25","02:54","4.849","-","5.38"
"2024/05/25","03:00","4.644","-","5.13"
"2024/05/25","03:06","4.434","-","4.89"
"2024/05/25","03:12","4.219","-","4.64"
"2024/05/25","03:18","4.002","-","4.4"
"2024/05/25","03:24","3.782","-","4.16"
"2024/05/25","03:30","3.561","-","3.93"
"2024/05/25","03:36","3.34","-","3.71"
"2024/05/25","03:42","3.118","-","3.49"
"2024/05/25","03:48","2.899","-","3.27"
"2024/05/25","03:54","2.682","-","3.07"
"2024/05/25","04:00","2.469","-","2.87"
"2024/05/25","04:06","2.261","-","2.68"
"2024/05/25","04:12","2.059","-","2.5"
"2024/05/25","04:18","1.863","-","2.33"
"2024/05/25","04:24","1.674","-","2.17"
"2024/05/25","04:30","1.494","-","2.01"
"2024/05/25","04:36","1.323","-","1.85"
"2024/05/25","04:42","1.162","-","1.71"
"2024/05/25","04:48","1.01","-","1.58"
"2024/05/25","04:54","0.869","-","1.44"
"2024/05/25","05:00","0.74","-","1.33"
"2024/05/25","05:06","0.621","-","1.22"
"2024/05/25","05:12","0.513","-","1.13"
"2024/05/25","05:18","0.416","-","1.04"
"2024/05/25","05:24","0.33","-","0.98"
"2024/05/25","05:30","0.255","-","0.93"
"2024/05/25","05:36","0.189","-","0.87"
"2024/05/25","05:42","0.134","-","0.83"
"2024/05/25","05:48","0.088","-","0.79"
"2024/05/25","05:54","0.051","-","0.75"
"2024/05/25","06:00","0.022","-","0.71"
"2024/05/25","06:06","0.001","-","0.65"
"2024/05/25","06:12","-0.013","-","0.61"
"2024/05/25","06:18","-0.02","-","0.57"
"2024/05/25","06:24","-0.021","-","0.52"
"2024/05/25","06:30","-0.017","-","0.47"
"2024/05/25","06:36","-0.007","-","0.4"
"2024/05/25","06:42","0.007","-","0.36"
"2024/05/25","06:48","0.027","-","0.31"
"2024/05/25","06:54","0.051","-","0.27"
"2024/05/25","07:00","0.08","-","0.23"
"2024/05/25","07:06","0.114","-","0.2"
"2024/05/25","07:12","0.154","-","0.19"
"2024/05/25","07:18","0.198","-","0.19"
"2024/05/25","07:24","0.248","-","0.2"
"2024/05/25","07:30","0.305","-","0.24"
"2024/05/25","07:36","0.369","-","0.29"
"2024/05/25","07:42","0.44","-","0.37"
"2024/05/25","07:48","0.519","-","0.46"
"2024/05/25","07:54","0.607","-","0.56"
"2024/05/25","08:00","0.704","-","0.71"
"2024/05/25","08:06","0.811","-","0.86"
"2024/05/25","08:12","0.928","-","1.04"
"2024/05/25","08:18","1.056","-","1.23"
"2024/05/25","08:24","1.195","-","1.44"
"2024/05/25","08:30","1.345","-","1.67"
"2024/05/25","08:36","1.506","-","1.9"
"2024/05/25","08:42","1.678","-","2.14"
"2024/05/25","08:48","1.861","-","2.39"
"2024/05/25","08:54","2.054","-","2.64"
"2024/05/25","09:00","2.257","-","2.9"
"2024/05/25","09:06","2.469","-","3.16"
"2024/05/25","09:12","2.688","-","3.43"
"2024/05/25","09:18","2.915","-","3.7"
"2024/05/25","09:24","3.147","-","3.98"
"2024/05/25","09:30","3.383","-","4.24"
"2024/05/25","09:36","3.623","-","4.51"
"2024/05/25","09:42","3.863","-","4.77"
"2024/05/25","09:48","4.104","-","5.02"
"2024/05/25","09:54","4.342","-","5.27"
"2024/05/25","10:00","4.578","-","5.51"
"2024/05/25","10:06","4.808","-","5.73"
"2024/05/25","10:12","5.033","-","5.95"
"2024/05/25","10:18","5.25","-","6.16"
"2024/05/25","10:24","5.458","-","6.35"
"2024/05/25","10:30","5.657","-","6.54"
"2024/05/25","10:36","5.844","-","6.7"
"2024/05/25","10:42","6.02","-","6.85"
"2024/05/25","10:48","6.183","-","7"
"2024/05/25","10:54","6.334","-","7.12"
"2024/05/25","11:00","6.471","-","7.23"
"2024/05/25","11:06","6.595","-","7.34"
"2024/05/25","11:12","6.705","-","7.43"
"2024/05/25","11:18","6.802","-","7.52"
"2024/05/25","11:24","6.887","-","7.59"
"2024/05/25","11:30","6.959","-","7.65"
"2024/05/25","11:36","7.019","-","7.71"
"2024/05/25","11:42","7.067","-","7.76"
"2024/05/25","11:48","7.105","-","7.8"
"2024/05/25","11:54","7.133","-","7.83"
"2024/05/25","12:00","7.152","-","7.85"
"2024/05/25","12:06","7.163","-","7.88"
"2024/05/25","12:12","7.166","-","7.91"
"2024/05/25","12:18","7.162","-","7.95"
"2024/05/25","12:24","7.151","-","7.98"
"2024/05/25","12:30","7.136","-","8"
"2024/05/25","12:36","7.115","-","8.03"
"2024/05/25","12:42","7.09","-","8.06"
"2024/05/25","12:48","7.06","-","8.07"
"2024/05/25","12:54","7.027","-","8.08"
"2024/05/25","13:00","6.99","-","8.1"
"2024/05/25","13:06","6.949","-","8.11"
"2024/05/25","13:12","6.905","-","8.1"
"2024/05/25","13:18","6.857","-","8.1"
"2024/05/25","13:24","6.806","-","8.08"
"2024/05/25","13:30","6.75","-","8.05"
"2024/05/25","13:36","6.69","-","8.02"
"2024/05/25","13:42","6.626","-","7.97"
"2024/05/25","13:48","6.556","-","7.9"
"2024/05/25","13:54","6.481","-","7.83"
"2024/05/25","14:00","6.401","-","7.74"
"2024/05/25","14:06","6.314","-","7.63"
"2024/05/25","14:12","6.221","-","7.52"
"2024/05/25","14:18","6.121","-","7.39"
"2024/05/25","14:24","6.014","-","7.26"
"2024/05/25","14:30","5.9","-","7.1"
"2024/05/25","14:36","5.778","-","6.94"
"2024/05/25","14:42","5.649","-","6.76"
"2024/05/25","14:48","5.512","-","6.56"
"2024/05/25","14:54","5.368","-","6.35"
"2024/05/25","15:00","5.216","-","6.11"
"2024/05/25","15:06","5.058","-","5.89"
"2024/05/25","15:12","4.893","-","5.67"
"2024/05/25","15:18","4.722","-","5.45"
"2024/05/25","15:24","4.545","-","5.22"
"2024/05/25","15:30","4.364","-","4.97"
"2024/05/25","15:36","4.178","-","4.74"
"2024/05/25","15:42","3.989","-","4.5"
"2024/05/25","15:48","3.797","-","4.26"
"2024/05/25","15:54","3.604","-","4.05"
"2024/05/25","16:00","3.411","-","3.83"
"2024/05/25","16:06","3.217","-","3.61"
"2024/05/25","16:12","3.025","-","3.41"
"2024/05/25","16:18","2.836","-","3.21"
"2024/05/25","16:24","2.651","-","3"
"2024/05/25","16:30","2.47","-","2.81"
"2024/05/25","16:36","2.294","-","2.65"
"2024/05/25","16:42","2.125","-","2.48"
"2024/05/25","16:48","1.964","-","2.32"
"2024/05/25","16:54","1.811","-","2.18"
"2024/05/25","17:00","1.667","-","2.03"
"2024/05/25","17:06","1.533","-","1.92"
"2024/05/25","17:12","1.41","-","1.81"
"2024/05/25","17:18","1.297","-","1.71"
"2024/05/25","17:24","1.195","-","1.63"
"2024/05/25","17:30","1.104","-","1.54"
"2024/05/25","17:36","1.025","-","1.48"
"2024/05/25","17:42","0.957","-","1.45"
"2024/05/25","17:48","0.9","-","1.43"
"2024/05/25","17:54","0.854","-","1.39"
"2024/05/25","18:00","0.819","-","1.38"
"2024/05/25","18:06","0.794","-","1.36"
"2024/05/25","18:12","0.779","-","1.34"
"2024/05/25","18:18","0.773","-","1.32"
"2024/05/25","18:24","0.776","-","1.29"
"2024/05/25","18:30","0.786","-","1.28"
"2024/05/25","18:36","0.804","-","1.28"
"2024/05/25","18:42","0.828","-","1.27"
"2024/05/25","18:48","0.859","-","1.28"
"2024/05/25","18:54","0.896","-","1.27"
"2024/05/25","19:00","0.937","-","1.26"
"2024/05/25","19:06","0.984","-","1.28"
"2024/05/25","19:12","1.035","-","1.28"
"2024/05/25","19:18","1.091","-","1.28"
"2024/05/25","19:24","1.151","-","1.3"
"2024/05/25","19:30","1.215","-","1.33"
"2024/05/25","19:36","1.284","-","1.35"
"2024/05/25","19:42","1.357","-","1.41"
"2024/05/25","19:48","1.436","-","1.48"
"2024/05/25","19:54","1.52","-","1.56"
"2024/05/25","20:00","1.609","-","1.63"
"2024/05/25","20:06","1.705","-","1.71"
"2024/05/25","20:12","1.808","-","1.82"
"2024/05/25","20:18","1.919","-","1.95"
"2024/05/25","20:24","2.037","-","2.09"
"2024/05/25","20:30","2.164","-","2.26"
"2024/05/25","20:36","2.299","-","2.42"
"2024/05/25","20:42","2.444","-","2.61"
"2024/05/25","20:48","2.599","-","2.81"
"2024/05/25","20:54","2.763","-","3.01"
"2024/05/25","21:00","2.937","-","3.23"
"2024/05/25","21:06","3.12","-","3.46"
"2024/05/25","21:12","3.313","-","3.68"
"2024/05/25","21:18","3.514","-","3.91"
"2024/05/25","21:24","3.724","-","4.16"
"2024/05/25","21:30","3.941","-","4.41"
"2024/05/25","21:36","4.164","-","4.67"
"2024/05/25","21:42","4.393","-","4.93"
"2024/05/25","21:48","4.627","-","5.18"
"2024/05/25","21:54","4.863","-","5.46"
"2024/05/25","22:00","5.101","-","5.7"
"2024/05/25","22:06","5.339","-","5.97"
"2024/05/25","22:12","5.575","-","6.22"
"2024/05/25","22:18","5.809","-","6.46"
"2024/05/25","22:24","6.038","-","6.7"
"2024/05/25","22:30","6.261","-","6.93"
"2024/05/25","22:36","6.476","-","7.13"
"2024/05/25","22:42","6.683","-","7.33"
"2024/05/25","22:48","6.88","-","7.5"
"2024/05/25","22:54","7.065","-","7.66"
"2024/05/25","23:00","7.239","-","7.81"
"2024/05/25","23:06","7.399","-","7.95"
"2024/05/25","23:12","7.546","-","8.09"
"2024/05/25","23:18","7.678","-","8.21"
"2024/05/25","23:24","7.796","-","8.33"
"2024/05/25","23:30","7.9","-","8.42"
"2024/05/25","23:36","7.989","-","8.49"
"2024/05/25","23:42","8.063","-","8.57"
"2024/05/25","23:48","8.123","-","8.62"
"2024/05/25","23:54","8.17","-","8.66"